incluir;productCode;categoria;titulo;rating;reviews;price;score;viatorUrl
x;73781P4;grand-canyon-tours;Small Group Grand Canyon, Hoover Dam, 7 Magic Mountains VIP Tour;4.969997;3133;189.99;4.965;https://www.viator.com/tours/Las-Vegas/Red-Rock-Canyon-and-Seven-Magic-Mountains-Tour/d684-73781P4?mcid=42383&pid=P00140156&medium=api&api_version=2.0
x;73781P3;grand-canyon-tours;2 Day: Grand Canyon, Antelope Canyon, Horseshoe Bend, Zion Tour;4.9792747;772;399.99;4.959;https://www.viator.com/tours/Las-Vegas/Grand-Canyon-Antelope-Canyon-Overnight-Tour/d684-73781P3?mcid=42383&pid=P00140156&medium=api&api_version=2.0
x;73781P2;grand-canyon-tours;Grand Canyon, Bryce, Zion, Antelope Canyon, Monument Valley 3 Day Tour;4.964803;483;799.99;4.935;https://www.viator.com/tours/Las-Vegas/Grand-Canyon-Antelope-Canyon-Two-Day-Sunrise-Tour/d684-73781P2?mcid=42383&pid=P00140156&medium=api&api_version=2.0
x;132218P614;grand-canyon-tours;Small Group Grand Canyon West and 7 Magic Mountains Day Tour;4.95914;465;178;4.929;https://www.viator.com/tours/Las-Vegas/Grand-Canyon-West-Hoover-Dam-and-7-Magic-Mountains-Tour/d684-132218P614?mcid=42383&pid=P00140156&medium=api&api_version=2.0
x;54567P1;grand-canyon-tours;Small Group Grand Canyon Skywalk & Hoover Dam Tour;4.9662576;326;195;4.924;https://www.viator.com/tours/Las-Vegas/SMALL-GROUP-Grand-Canyon-Skywalk-and-Hoover-Dam-Tour/d684-54567P1?mcid=42383&pid=P00140156&medium=api&api_version=2.0
x;132218P75;grand-canyon-tours;Grand Canyon West, Hoover Dam Stop and Optional Lunch and Skywalk;4.905543;22751;94;4.905;https://www.viator.com/tours/Las-Vegas/Grand-Canyon-Skywalk-Hoover-Dam-Day-Trip-W-Lunch-from-Las-Vegas/d684-132218P75?mcid=42383&pid=P00140156&medium=api&api_version=2.0
x;73781P7;grand-canyon-tours;Small Group Late Departure Grand Canyon Tour;4.9415207;171;179.99;4.875;https://www.viator.com/tours/Las-Vegas/Grand-Canyon-Half-Day-Small-Group-Tour/d684-73781P7?mcid=42383&pid=P00140156&medium=api&api_version=2.0
x;110263P2;grand-canyon-tours;Private All-Access Tour: Grand Canyon & Hoover Dam from Vegas;4.951049;143;629;4.872;https://www.viator.com/tours/Las-Vegas/Grand-Canyon-West-Rim-Sunset-Day-Bus-Tour/d684-110263P2?mcid=42383&pid=P00140156&medium=api&api_version=2.0
x;3431P9;grand-canyon-tours;Private VIP Grand Canyon West Rim & Hoover Dam Tour with Meals;4.9469695;132;1265;4.865;https://www.viator.com/tours/Las-Vegas/Grand-Canyon-West-with-Hot-Breakfast/d684-3431P9?mcid=42383&pid=P00140156&medium=api&api_version=2.0
x;60136P20;grand-canyon-tours;Grand Canyon + Hoover Dam View + WiFi (Skywalk/Lunch options);4.865019;5786;99;4.863;https://www.viator.com/tours/Las-Vegas/Grand-Canyon-West-Rim-Tour-with-Options-from-Las-Vegas/d684-60136P20?mcid=42383&pid=P00140156&medium=api&api_version=2.0
x;50793P1;grand-canyon-tours;Small Group Tour: Grand Canyon West Rim, Skywalk & Hoover Dam;4.8700614;1139;229.99;4.861;https://www.viator.com/tours/Las-Vegas/Grand-Canyon-Day-Trip-Hoover-Dam-and-Skywalk-from-Las-Vegas/d684-50793P1?mcid=42383&pid=P00140156&medium=api&api_version=2.0
x;5602SWH_7D;grand-canyon-tours;7-Day: Zion, Bryce, Monument Valley, Arches and Grand Canyon Tour;4.9148936;188;1995;4.859;https://www.viator.com/tours/Las-Vegas/7-Day-National-Parks-Tour-Zion-Bryce-Canyon-Monument-Valley-and-Grand-Canyon-South-Rim/d684-5602SWH_7D?mcid=42383&pid=P00140156&medium=api&api_version=2.0
x;3431P5;grand-canyon-tours;Grand Canyon West, Hoover Dam Stop, Breakfast, Lunch & Skywalk;4.854861;13022;94;4.854;https://www.viator.com/tours/Las-Vegas/Grand-Canyon-West-Rim-Ultimate-VIP-Tour/d684-3431P5?mcid=42383&pid=P00140156&medium=api&api_version=2.0
x;60136P50;grand-canyon-tours;Private Tour: Grand Canyon West;4.958763;97;1074;4.853;https://www.viator.com/tours/Las-Vegas/Private-Group-Grand-Canyon-West-Rim-Day-Tour/d684-60136P50?mcid=42383&pid=P00140156&medium=api&api_version=2.0
x;472036P1;grand-canyon-tours;Grand Canyon West Rim including Skywalk and Lunch;5;69;375;4.852;https://www.viator.com/tours/Las-Vegas/Grand-Canyon-Skywalk-and-The-Ranch/d684-472036P1?mcid=42383&pid=P00140156&medium=api&api_version=2.0
x;215651P2;grand-canyon-tours;Grand Canyon West Skywalk Western Ranch Joshua Forest;4.9850745;67;259;4.841;https://www.viator.com/tours/Kingman/Grand-Canyon-West-Skywalk-Optional/d50726-215651P2?mcid=42383&pid=P00140156&medium=api&api_version=2.0
x;190492P4;grand-canyon-tours;Grand Canyon National Park, Hoover Dam, Route 66 from Las Vegas;4.8712444;233;209;4.832;https://www.viator.com/tours/Las-Vegas/Grand-Canyon-Hoover-Dam-and-Route-66-Group-Tour-From-Las-Vegas/d684-190492P4?mcid=42383&pid=P00140156&medium=api&api_version=2.0
x;5602GCZMV_3D;grand-canyon-tours;3-Day Tour: Zion, Bryce Canyon, Monument Valley and Grand Canyon;4.844098;449;875;4.824;https://www.viator.com/tours/Las-Vegas/3-Day-National-Parks-Camping-Tour-Grand-Canyon-Zion-Bryce-Canyon-and-Monument-Valley-from-Las-Vegas/d684-5602GCZMV_3D?mcid=42383&pid=P00140156&medium=api&api_version=2.0
x;237649P1;grand-canyon-tours;Grand Canyon, Antelope Canyon, and Horseshoe Bend Day Tour;4.825;1680;346;4.82;https://www.viator.com/tours/Las-Vegas/Day-tour-to-three-great-landscapes/d684-237649P1?mcid=42383&pid=P00140156&medium=api&api_version=2.0
x;5602GCZMVWINTER;grand-canyon-tours;PREMIUM 3-Day Winter Grand Canyon, Monument Valley and Zion Tour;4.939394;66;910;4.814;https://www.viator.com/tours/Las-Vegas/3-Day-National-Parks-Camping-Tour-Grand-Canyon-Zion-and-Monument-Valley-from-Las-Vegas/d684-5602GCZMVWINTER?mcid=42383&pid=P00140156&medium=api&api_version=2.0
x;60136P36;grand-canyon-tours;Grand Canyon National Park South from Las Vegas with Lunch, WiFi;4.796875;2048;79;4.793;https://www.viator.com/tours/Las-Vegas/Grand-Canyon-South-Rim-Tour-with-Lunch-from-Las-Vegas/d684-60136P36?mcid=42383&pid=P00140156&medium=api&api_version=2.0
x;5602P20;grand-canyon-tours;Premium 3 Day Grand Canyon, Monument Valley, Horseshoe Bend, Zion;4.90566;53;795;4.78;https://www.viator.com/tours/Las-Vegas/Grand-Canyon-and-more-3-day-tour/d684-5602P20?mcid=42383&pid=P00140156&medium=api&api_version=2.0
x;43493P2;grand-canyon-tours;Grand Canyon West & Hoover Dam Tour With Breakfast At IHOP;4.7791047;3015;145;4.777;https://www.viator.com/tours/Las-Vegas/Grand-Canyon-West-Rim-Day-Tour-from-Las-Vegas/d684-43493P2?mcid=42383&pid=P00140156&medium=api&api_version=2.0
x;472036P2;grand-canyon-tours;Grand Canyon/Route 66 Journey to the Bottom;4.9268293;41;325;4.773;https://www.viator.com/tours/Las-Vegas/Grand-Canyon-Route-66-Journey-to-the-Bottom/d684-472036P2?mcid=42383&pid=P00140156&medium=api&api_version=2.0
x;60136P54;grand-canyon-tours;Private Grand Canyon National Park South Rim Day Tour from Las Vegas;4.923077;39;1317;4.768;https://www.viator.com/tours/Las-Vegas/Private-Group-Grand-Canyon-National-Park-South-Rim-Tour-from-Las-Vegas/d684-60136P54?mcid=42383&pid=P00140156&medium=api&api_version=2.0
x;110263P14;grand-canyon-tours;Grand Canyon Tour with Hoover Dam and Joshua Tree;5;25;239;4.765;https://www.viator.com/tours/Las-Vegas/Grand-Canyon-Tour-with-Hoover-Dam-and-Joshua-Tree/d684-110263P14?mcid=42383&pid=P00140156&medium=api&api_version=2.0
x;129718P6;grand-canyon-tours;Spanish Grand Canyon Tour with Skywalk Access and Lunch;4.8490567;53;209;4.751;https://www.viator.com/tours/Las-Vegas/Spanish-Grand-Canyon-Tour-with-Skywalk-Access-and-Lunch/d684-129718P6?mcid=42383&pid=P00140156&medium=api&api_version=2.0
x;305932P8;grand-canyon-tours;Grand Canyon South Rim, Antelope Canyon and Horseshoe Bend Tour;4.822581;62;399;4.744;https://www.viator.com/tours/Las-Vegas/Grand-Canyon-Dinosaur-Tracks-Antelope-Canyon-Horseshoe-Bend-Day-Trip-Las-Vegas/d684-305932P8?mcid=42383&pid=P00140156&medium=api&api_version=2.0
x;305932P13;grand-canyon-tours;2-Day Grand Canyon, Antelope Canyon, Monument Valley and Sedona;5;17;749;4.737;https://www.viator.com/tours/Las-Vegas/2-Day-8-spots-Grand-Canyon-Lower-Antelope-Canyon-Monument-Valley-and-Sedona/d684-305932P13?mcid=42383&pid=P00140156&medium=api&api_version=2.0
x;171491P1;grand-canyon-tours;Grand Canyon Tour in Spanish with Skywalk and Hoover Dam included;5;16;249;4.733;https://www.viator.com/tours/Las-Vegas/Grand-Canyon-Tour-in-Spanish-with-Skywalk-Optional/d684-171491P1?mcid=42383&pid=P00140156&medium=api&api_version=2.0
x;336407P8;grand-canyon-tours;Grand Canyon ATV Tour + Horseback Riding Tour;4.9130435;23;600;4.731;https://www.viator.com/tours/Las-Vegas/Grand-Canyon-ATV-Tour-Horseback-Riding-Tour/d684-336407P8?mcid=42383&pid=P00140156&medium=api&api_version=2.0
x;472036P3;grand-canyon-tours;Grand Canyon National Park Tour;5;15;388;4.729;https://www.viator.com/tours/Las-Vegas/Grand-Canyon-National-Park-Tour/d684-472036P3?mcid=42383&pid=P00140156&medium=api&api_version=2.0
x;3533STHRIM;grand-canyon-tours;Grand Canyon South Rim Day Tour from Las Vegas;4.820513;39;371.08;4.723;https://www.viator.com/tours/Las-Vegas/Grand-Canyon-South-Rim-by-Tour-Trekker/d684-3533STHRIM?mcid=42383&pid=P00140156&medium=api&api_version=2.0
x;5119P23;grand-canyon-tours;Grand Canyon West plus Hoover Dam VIP Day Tour from Las Vegas;4.728972;107;397.99;4.703;https://www.viator.com/tours/Las-Vegas/Grand-Canyon-West-and-Hoover-Dam-VIP-Full-Day-Tour-from-Las-Vegas/d684-5119P23?mcid=42383&pid=P00140156&medium=api&api_version=2.0
x;60136P76;grand-canyon-tours;Grand Canyon, Bryce and Zion Ultimate 3 Park Experience;4.875;16;338;4.703;https://www.viator.com/tours/Las-Vegas/Grand-Canyon-Bryce-and-Zion-Ultimate-3-Park-Experience/d684-60136P76?mcid=42383&pid=P00140156&medium=api&api_version=2.0
x;3857P7;grand-canyon-tours;Grand Canyon West Rim Tour with Optional Skywalk;4.7777777;36;189;4.702;https://www.viator.com/tours/Las-Vegas/1-Day-Tour-fully-guided-at-the-Grand-Canyon-West-Rim/d684-3857P7?mcid=42383&pid=P00140156&medium=api&api_version=2.0
x;166735P3;grand-canyon-tours;Grand Canyon West Rim SUV Tour From Las Vegas With Lunch;4.7714286;35;499;4.699;https://www.viator.com/tours/Las-Vegas/Crand-Canyon-Wst-Rim-SUV-Tour/d684-166735P3?mcid=42383&pid=P00140156&medium=api&api_version=2.0
x;6338NORTH;grand-canyon-tours;Grand Canyon North Rim Tour by Airplane with ATV or 4x4 Ride;4.734694;49;504;4.691;https://www.viator.com/tours/Las-Vegas/Grand-Canyon-North-Rim-Air-and-Ground-Tour-with-Optional-ATV-Ride/d684-6338NORTH?mcid=42383&pid=P00140156&medium=api&api_version=2.0
x;110263P1;grand-canyon-tours;Private Grand Canyon West and Joshua Tree Photography Tour;4.7113404;97;799;4.69;https://www.viator.com/tours/Las-Vegas/Grand-Canyon-West-Rim-Day-Bus-Tour-with-options-for-Skywalk-Helicopter-and-Boat/d684-110263P1?mcid=42383&pid=P00140156&medium=api&api_version=2.0
x;343505P2;grand-canyon-tours;Grand Canyon, Antelope Canyon, Horseshoe Bend Tour from Las Vegas;4.75;24;351;4.681;https://www.viator.com/tours/Las-Vegas/Semi-Private-Photoshoot-Tour-Grand-Canyon-Sunrise-Tour/d684-343505P2?mcid=42383&pid=P00140156&medium=api&api_version=2.0
x;215651P1;grand-canyon-tours;Grand Canyon Caverns, Route 66 thru Crozier Canyon Tour;4.7619047;21;179;4.681;https://www.viator.com/tours/Las-Vegas/Grand-Canyon-Caverns-Route-66-Museum-Winery-Tour/d684-215651P1?mcid=42383&pid=P00140156&medium=api&api_version=2.0
x;60136P3;grand-canyon-tours;Shuttle Between Las Vegas, Williams, Tusayan and Grand Canyon South Rim;4.652174;23;25;4.649;https://www.viator.com/tours/Las-Vegas/Grand-Canyon-National-Park-Day-Trip-from-Las-Vegas/d684-60136P3?mcid=42383&pid=P00140156&medium=api&api_version=2.0
x;309754P2;grand-canyon-tours;Audio Driving Tour: Grand Canyon West, Hoover Dam Red Rock Canyon;4.607143;28;16.99;4.633;https://www.viator.com/tours/Las-Vegas/Grand-Canyon-Hoover-Dam-Red-Rock-Canyon-Audio-Driving-Tours/d684-309754P2?mcid=42383&pid=P00140156&medium=api&api_version=2.0
x;18262P2;grand-canyon-tours;Grand Canyon West Rim Bus Tour + Optional Skywalk Tour;4.605263;4294;143;4.606;https://www.viator.com/tours/Las-Vegas/Grand-Canyon-West-Rim-Bus-Tour-from-Las-Vegas/d684-18262P2?mcid=42383&pid=P00140156&medium=api&api_version=2.0
x;5167SD;grand-canyon-tours;Self-Drive 1-Day Grand Canyon Whitewater Rafting Tour;4.56;50;634.99;4.604;https://www.viator.com/tours/Las-Vegas/Self-Drive-One-Day-Grand-Canyon-White-Water-Rafting-Tour/d684-5167SD?mcid=42383&pid=P00140156&medium=api&api_version=2.0
x;142926P5;grand-canyon-tours;Small Group Grand Canyon, Hoover Dam and Joshua Tree Forest Tour;4.5529413;85;179;4.588;https://www.viator.com/tours/Las-Vegas/Grand-Canyon-West-Small-Group-Tour-from-Las-Vegas/d684-142926P5?mcid=42383&pid=P00140156&medium=api&api_version=2.0
x;209832P2;grand-canyon-tours;One day Grand Canyon Antelope Horseshoe :Stargazing Daily tour;4.4444447;27;369;4.576;https://www.viator.com/tours/Las-Vegas/Day-Tour-Grand-Canyon-Antelope-Canyon-and-Horseshoe-Bend/d684-209832P2?mcid=42383&pid=P00140156&medium=api&api_version=2.0
x;3857WWD;grand-canyon-tours;3-Day Grand Canyon, Antelope, Bryce & Zion Tour from Vegas;4.4898787;247;620;4.516;https://www.viator.com/tours/Las-Vegas/3-Day-National-Parks-Tour-from-Las-Vegas-Grand-Canyon-Zion-and-Bryce-Canyon/d684-3857WWD?mcid=42383&pid=P00140156&medium=api&api_version=2.0
x;3951WRV;grand-canyon-tours;VIP Luxury Grand Canyon West and Hoover Dam with Skywalk;4.4189725;253;290;4.457;https://www.viator.com/tours/Las-Vegas/Deluxe-Grand-Canyon-West-Rim-Day-Trip-from-Las-Vegas-with-Optional-Skywalk/d684-3951WRV?mcid=42383&pid=P00140156&medium=api&api_version=2.0
x;18262P1;grand-canyon-tours;Grand Canyon National Park South Rim Bus Tour from Las Vegas;4.3797307;3118;167;4.384;https://www.viator.com/tours/Las-Vegas/Grand-Canyon-National-Park-Bus-Tour/d684-18262P1?mcid=42383&pid=P00140156&medium=api&api_version=2.0
x;6338VISIONARY;grand-canyon-tours;Grand Canyon West Rim Scenic Plane Tour from Las Vegas;4.2473116;186;264;4.332;https://www.viator.com/tours/Las-Vegas/Grand-Canyon-West-Rim-Airplane-Tour/d684-6338VISIONARY?mcid=42383&pid=P00140156&medium=api&api_version=2.0
x;3951WESTDLX;grand-canyon-tours;Grand Canyon West Bus Tour with Hoover Dam and Optional Skywalk;4.201158;7253;150;4.204;https://www.viator.com/tours/Las-Vegas/Grand-Canyon-and-Hoover-Dam-Day-Trip-from-Las-Vegas-with-Optional-Skywalk/d684-3951WESTDLX?mcid=42383&pid=P00140156&medium=api&api_version=2.0
x;73781P5;hoover-dam-tours;Hoover Dam Walk-On-Top Tour w/ Seven Magic Mountains & Vegas Sign;4.9784365;371;79.99;4.939;https://www.viator.com/tours/Las-Vegas/Small-Group-Hoover-Dam-Walk-On-Top-Tour-with-Seven-Magic-Mountains/d684-73781P5?mcid=42383&pid=P00140156&medium=api&api_version=2.0
x;240046P2;hoover-dam-tours;Hoover Dam and Hot Springs Kayak Tour with Lunch and Expert Guide;4.9661536;325;289;4.924;https://www.viator.com/tours/Las-Vegas/Kayak-Hoover-Dam/d684-240046P2?mcid=42383&pid=P00140156&medium=api&api_version=2.0
x;132218P623;hoover-dam-tours;Small Group Hoover Dam, 7 Magic Mountain Half Day Express Tour;4.9407663;287;68;4.897;https://www.viator.com/tours/Las-Vegas/Desert-Treasures-Hoover-Dam-Boulder-City-and-7-Magic-Mountains/d684-132218P623?mcid=42383&pid=P00140156&medium=api&api_version=2.0
x;73781P6;hoover-dam-tours;Small Group Hoover Dam: From Above, On Top and Below Tour;4.908497;459;99.99;4.883;https://www.viator.com/tours/Las-Vegas/Hoover-Dam-From-Above-On-Top-And-Below-with-Boulder-City/d684-73781P6?mcid=42383&pid=P00140156&medium=api&api_version=2.0
x;5145BCK;hoover-dam-tours;Hoover Dam and Black Canyon Full-Day Guided Kayak Tour;4.935484;186;315;4.874;https://www.viator.com/tours/Las-Vegas/Black-Canyon-Kayak-Day-Trip-from-Las-Vegas/d684-5145BCK?mcid=42383&pid=P00140156&medium=api&api_version=2.0
x;65770P2;hoover-dam-tours;Award Winning 3-Hour Hoover Dam Small Group Mini Tour from Vegas;4.871601;5296;68;4.87;https://www.viator.com/tours/Las-Vegas/Hoover-Dam-Mini-Tour/d684-65770P2?mcid=42383&pid=P00140156&medium=api&api_version=2.0
x;142926P2;hoover-dam-tours;Red Rock Canyon, Hoover Dam, 7 Magic Mountains, Nelson Ghost Town;4.89759;332;150.41;4.865;https://www.viator.com/tours/Las-Vegas/Around-Las-Vegas-Tour/d684-142926P2?mcid=42383&pid=P00140156&medium=api&api_version=2.0
x;3431HHD;hoover-dam-tours;Hoover Dam Comedy Tour with Lunch and Comedy Club Tickets;4.8542805;1098;109.99;4.845;https://www.viator.com/tours/Las-Vegas/Hoot-and-Hoover-Dam-Tour/d684-3431HHD?mcid=42383&pid=P00140156&medium=api&api_version=2.0
x;170456P2;hoover-dam-tours;Hoover Dam Kayak Tour with Shuttle - Hot Springs and Emerald Cave;4.886667;150;199;4.827;https://www.viator.com/tours/Las-Vegas/Hoover-Dam-Kayak-Tour/d684-170456P2?mcid=42383&pid=P00140156&medium=api&api_version=2.0
x;132218P622;hoover-dam-tours;Small Group Seven Magic Mountains, Hoover Dam VIP Experience Tour;4.9142857;70;128;4.803;https://www.viator.com/tours/Las-Vegas/Exclusive-Hoover-Dam-Power-Plant-Tour-w-7-Magic-Mountains/d684-132218P622?mcid=42383&pid=P00140156&medium=api&api_version=2.0
x;14684P3;hoover-dam-tours;Hoover Dam 1.5‑Hour Raft Tour in Black Canyon;4.8355556;225;69;4.801;https://www.viator.com/tours/Las-Vegas/2-hour-Guided-River-Tour/d684-14684P3?mcid=42383&pid=P00140156&medium=api&api_version=2.0
x;126675P5;hoover-dam-tours;VIP Ultimate Speed Boats and Machine Gun Shooting Adventure with Hoover Dam;5;38;599;4.8;https://www.viator.com/tours/Las-Vegas/Speed-Boats-Machine-Guns-Hoover-Dam-All-Inclusive-Day-with-Gents-Club-and-Club/d684-126675P5?mcid=42383&pid=P00140156&medium=api&api_version=2.0
x;5145HDBIKE;hoover-dam-tours;Mountain Bike Historical Tunnel Trail to Hoover Dam from Las Vegas;4.9347825;46;207;4.785;https://www.viator.com/tours/Las-Vegas/Hoover-Dam-Mountain-Bike-Tour/d684-5145HDBIKE?mcid=42383&pid=P00140156&medium=api&api_version=2.0
x;60136P38;hoover-dam-tours;Hoover Dam Highlights Tour from Las Vegas, WiFi;4.7899084;1090;65;4.784;https://www.viator.com/tours/Las-Vegas/Hoover-Dam-Highlights-Tour-from-Las-Vegas/d684-60136P38?mcid=42383&pid=P00140156&medium=api&api_version=2.0
x;3431UHDT;hoover-dam-tours;Ultimate VIP Hoover Dam Tour from Las Vegas with Lunch;4.7800374;6983;59;4.779;https://www.viator.com/tours/Las-Vegas/Ultimate-Hoover-Dam-Tour/d684-3431UHDT?mcid=42383&pid=P00140156&medium=api&api_version=2.0
x;166735P2;hoover-dam-tours;Hoover Dam Tour by Luxury SUV;4.7891374;313;129;4.77;https://www.viator.com/tours/Las-Vegas/Hoover-Dam-SUV-Tour/d684-166735P2?mcid=42383&pid=P00140156&medium=api&api_version=2.0
x;292084P2;hoover-dam-tours;Hoover Dam Kayaking Trip, 6 Hot Springs, 6 Caves, 4 Waterfalls;4.904762;42;293.04;4.765;https://www.viator.com/tours/Arizona/Kayaking-Hoover-Dam-Kayak-Trip-Sauna-Cave-Goldstrike-Boyscout/d271-292084P2?mcid=42383&pid=P00140156&medium=api&api_version=2.0
x;110263P10;hoover-dam-tours;Small Group Ghost Town Gold Mine Tour with Hoover Dam Photo Stop;4.862069;58;279;4.763;https://www.viator.com/tours/Las-Vegas/Ghost-Town-Gold-Mine-Hoover-Dam-and-Red-Rock-Sunset-Tour/d684-110263P10?mcid=42383&pid=P00140156&medium=api&api_version=2.0
x;240046P8;hoover-dam-tours;Hoover Dam Discovery Kayak Tour with Lake Mead Views;5;24;189;4.762;https://www.viator.com/tours/Las-Vegas/Hoover-Dam-Discovery-via-Lake-Mead-Kayak-Tour/d684-240046P8?mcid=42383&pid=P00140156&medium=api&api_version=2.0
x;54567P2;hoover-dam-tours;Small Group Hoover Dam, Powerplant & O'Callahan Bridge Tour;5;22;125;4.755;https://www.viator.com/tours/Las-Vegas/SMALL-GROUP-Hoover-Dam-Powerplant-and-Bridge-Tour/d684-54567P2?mcid=42383&pid=P00140156&medium=api&api_version=2.0
x;39939P5;hoover-dam-tours;Hoover Dam to Willow Beach Guided Full Day Tour;5;22;200;4.755;https://www.viator.com/tours/Las-Vegas/Hoover-Dam-to-Willow-Beach-Guided-Full-Day-Tour/d684-39939P5?mcid=42383&pid=P00140156&medium=api&api_version=2.0
x;7496P14;hoover-dam-tours;Hoover Dam Small Group Tour with BBQ Lunch Experience;4.878049;41;49;4.751;https://www.viator.com/tours/Las-Vegas/Hoover-Dam-Small-Group-Mini-Tour-from-Las-Vegas/d684-7496P14?mcid=42383&pid=P00140156&medium=api&api_version=2.0
x;5602P13;hoover-dam-tours;Exclusive: Private Tour of Las Vegas and the Hoover Dam;5;20;595;4.748;https://www.viator.com/tours/Las-Vegas/Viator-Exclusive-Private-Tour-of-Las-Vegas-and-the-Hoover-Dam/d684-5602P13?mcid=42383&pid=P00140156&medium=api&api_version=2.0
x;43493P3;hoover-dam-tours;Hoover Dam Tour from Las Vegas with Hot Breakfast;4.753398;515;85;4.744;https://www.viator.com/tours/Las-Vegas/Hoover-Dam-Experience-from-Las-Vegas/d684-43493P3?mcid=42383&pid=P00140156&medium=api&api_version=2.0
x;240046P12;hoover-dam-tours;Emerald Cave Kayak + Hoover Dam Tour w/ Lunch & Las Vegas Shuttle;5;15;264.35;4.729;https://www.viator.com/tours/Las-Vegas/Walk-the-Hoover-Dam-and-Kayak-to-Emerald-Cave-combo/d684-240046P12?mcid=42383&pid=P00140156&medium=api&api_version=2.0
x;5534656P1;hoover-dam-tours;Hoover Dam Express Walk on Top Tour;4.9375;16;79;4.718;https://www.viator.com/tours/Las-Vegas/Hoover-Dam-Express/d684-5534656P1?mcid=42383&pid=P00140156&medium=api&api_version=2.0
x;5119P15;hoover-dam-tours;Small-Group Hoover Dam Tour from Las Vegas;4.7291665;96;114.99;4.701;https://www.viator.com/tours/Las-Vegas/Small-Group-Hoover-Dam-VIP-Tour-from-Las-Vegas/d684-5119P15?mcid=42383&pid=P00140156&medium=api&api_version=2.0
x;3533P15;hoover-dam-tours;Hoover Dam Inside and Out;4.7035575;253;142.49;4.694;https://www.viator.com/tours/Las-Vegas/Hoover-Dam-Small-Group-by-Luxury-Tour-Trekker-AM-or-PM/d684-3533P15?mcid=42383&pid=P00140156&medium=api&api_version=2.0
x;14684P4;hoover-dam-tours;Hoover Dam Raft Tour with Transport & Swim in Black Canyon;4.75;28;119;4.684;https://www.viator.com/tours/Las-Vegas/Hoover-Dam-Rafting-Post-Card-Tour-WITH-Transportation-Official/d684-14684P4?mcid=42383&pid=P00140156&medium=api&api_version=2.0
x;5145P11;hoover-dam-tours;Black Canyon and Hoover Dam 2-Day Kayak Camping Adventure;4.75;20;694;4.677;https://www.viator.com/tours/Las-Vegas/Ringbolt-Run-2-Day-1-Night-Kayaking-Trip-on-Black-Canyon/d684-5145P11?mcid=42383&pid=P00140156&medium=api&api_version=2.0
x;17632P1;hoover-dam-tours;The Ultimate Vegas Adventure-Hoover Dam Experience;4.642105;190;199;4.643;https://www.viator.com/tours/Las-Vegas/Hoover-Dam-Trike-Tour/d684-17632P1?mcid=42383&pid=P00140156&medium=api&api_version=2.0
x;60136P52;hoover-dam-tours;Private Tour: Hoover Dam w/ Optional Generator Tour from Vegas;4.612903;31;823;4.634;https://www.viator.com/tours/Las-Vegas/Private-Group-Hoover-Dam-Highlights-Tour-from-Las-Vegas/d684-60136P52?mcid=42383&pid=P00140156&medium=api&api_version=2.0
x;166735P5;hoover-dam-tours;Hoover Dam Private Tour BY Luxury SUV;4.6090226;133;209;4.62;https://www.viator.com/tours/Las-Vegas/Hoover-Dam-Private-Tour-BY-Luxury-SUV/d684-166735P5?mcid=42383&pid=P00140156&medium=api&api_version=2.0
x;3533HOOVER;hoover-dam-tours;Hoover Dam Top-to-Bottom Tour—Dam Walk, Powerplant & River Float;4.551282;156;293.45;4.575;https://www.viator.com/tours/Las-Vegas/Hoover-Dam-Top-to-Bottom-by-Luxury-SUV-with-Colorado-River-Float/d684-3533HOOVER?mcid=42383&pid=P00140156&medium=api&api_version=2.0
x;60136P10;hoover-dam-tours;Hoover Dam Inside Tour from Las Vegas, WiFi;4.560484;496;85;4.568;https://www.viator.com/tours/Las-Vegas/Hoover-Dam-Exploration-Tour-from-Las-Vegas/d684-60136P10?mcid=42383&pid=P00140156&medium=api&api_version=2.0
x;140793P1;adventure-tours;Self-Guided Emerald Cave Kayak Tour on Colorado River;4.9866157;523;79;4.957;https://www.viator.com/tours/Las-Vegas/Emerald-Cave-Kayak-Tour-Private-Tour/d684-140793P1?mcid=42383&pid=P00140156&medium=api&api_version=2.0
x;223210P1;adventure-tours;Outdoor Shooting Experience with Instructor in Las Vegas;4.985047;535;199;4.956;https://www.viator.com/tours/Las-Vegas/Outdoor-Shooting-With-Gun-Instructor-In-Las-Vegas/d684-223210P1?mcid=42383&pid=P00140156&medium=api&api_version=2.0
x;39939P2;adventure-tours;Emerald Cave and Black Canyon Kayak Tour with Vegas Pickup;4.966393;1339;149;4.955;https://www.viator.com/tours/Las-Vegas/Half-or-Full-Day-Kayaking-Tour-on-the-Colorado-River-from-Las-Vegas/d684-39939P2?mcid=42383&pid=P00140156&medium=api&api_version=2.0
x;18018P13;adventure-tours;Las Vegas Beginner ATV Tour with Safety Training;4.9590764;2468;90;4.953;https://www.viator.com/tours/Las-Vegas/Las-Vegas-ATVs-First-Time-Rider-Course/d684-18018P13?mcid=42383&pid=P00140156&medium=api&api_version=2.0
x;35263P8;adventure-tours;Outdoor Shooting Experience with Transfer and Lunch in Las Vegas;4.967742;620;99;4.944;https://www.viator.com/tours/Las-Vegas/Bullets-and-Burgers-Outdoor-Shooting-Experience/d684-35263P8?mcid=42383&pid=P00140156&medium=api&api_version=2.0
x;240046P1;adventure-tours;Emerald Cave Kayak Experience with Optional Las Vegas Shuttle;4.936558;1592;109.99;4.928;https://www.viator.com/tours/Las-Vegas/Kayak-Emerald-Cave-Express/d684-240046P1?mcid=42383&pid=P00140156&medium=api&api_version=2.0
x;240046P3;adventure-tours;Emerald Cave Kayak Tour with Lunch and Las Vegas Shuttle Option;4.9440746;751;162;4.926;https://www.viator.com/tours/Las-Vegas/Kayak-Emerald-Cave/d684-240046P3?mcid=42383&pid=P00140156&medium=api&api_version=2.0
x;3611P1;adventure-tours;ATV Tour and Dune Buggy Chase Dakar Combo Adventure from Las Vegas;4.9530864;405;1158.26;4.92;https://www.viator.com/tours/Las-Vegas/Mini-Dakar-ATV-Tour-and-Dune-Buggy-Chase-Combo-Adventure/d684-3611P1?mcid=42383&pid=P00140156&medium=api&api_version=2.0
x;32338P1;adventure-tours;Guided Mojave Desert Off Road RZR Adventure;4.953846;390;114.99;4.919;https://www.viator.com/tours/Las-Vegas/2-or-3-hour-Desert-Adventure-by-RZR/d684-32338P1?mcid=42383&pid=P00140156&medium=api&api_version=2.0
x;378119P1;adventure-tours;Self-Guided Fear and Loathing ATV Rental;4.9473686;456;109;4.918;https://www.viator.com/tours/Las-Vegas/Fear-and-Loathing-ATV-Rental-Unguided/d684-378119P1?mcid=42383&pid=P00140156&medium=api&api_version=2.0
x;26719P8;adventure-tours;Half-Day Emerald Cave Kayak Tour with Optional Hotel Pickup;4.9186225;5198;99;4.916;https://www.viator.com/tours/Las-Vegas/Emerald-Cave-Kayaking-Tour/d684-26719P8?mcid=42383&pid=P00140156&medium=api&api_version=2.0
x;39939P4;adventure-tours;Self‑Drive Emerald Cave Kayak Tour in Black Canyon;4.930876;651;110;4.911;https://www.viator.com/tours/Las-Vegas/Half-Day-Kayak-Tour-in-the-Black-Canyon-Self-Drive/d684-39939P4?mcid=42383&pid=P00140156&medium=api&api_version=2.0
x;26719P1;adventure-tours;Self-Drive Emerald Cave Guided Kayak Tour from Willow Beach;4.94335;406;109;4.911;https://www.viator.com/tours/Las-Vegas/Half-Day-Kayak-Adventure-On-The-Colorado-River/d684-26719P1?mcid=42383&pid=P00140156&medium=api&api_version=2.0
x;13920P2;adventure-tours;Ultimate Outdoor Shooting Experience in Las Vegas;4.919337;905;160;4.905;https://www.viator.com/tours/Las-Vegas/Outdoor-Shooting-Experience-in-Las-Vegas/d684-13920P2?mcid=42383&pid=P00140156&medium=api&api_version=2.0
x;126675P1;adventure-tours;4 Gun Desert Shooting Adventure with Lunch;4.9506726;223;199;4.895;https://www.viator.com/tours/Las-Vegas/VIP-4-Gun-Special-with-Lunch-Vegas-Desert-Shooting-Adventure/d684-126675P1?mcid=42383&pid=P00140156&medium=api&api_version=2.0
x;301052P1;adventure-tours;Small Group Guided Colorado River and Emerald Cave Kayak Tour;4.9051094;548;73.04;4.884;https://www.viator.com/tours/Las-Vegas/Colorado-River-Half-Day-Kayak-Tour/d684-301052P1?mcid=42383&pid=P00140156&medium=api&api_version=2.0
x;10652P1;adventure-tours;Machine Gun Experience in Las Vegas;4.888889;648;249.99;4.872;https://www.viator.com/tours/Las-Vegas/Machine-Gun-Experience-with-Military-Humvee-in-Las-Vegas/d684-10652P1?mcid=42383&pid=P00140156&medium=api&api_version=2.0
x;35263P5;adventure-tours;Outdoor Shooting Experience from Las Vegas with Optional ATV Tour;4.9008045;373;140;4.871;https://www.viator.com/tours/Las-Vegas/Outdoor-Shooting-Range-Package-from-Las-Vegas-with-Optional-ATV-Tour/d684-35263P5?mcid=42383&pid=P00140156&medium=api&api_version=2.0
x;39939P3;adventure-tours;Black Canyon Twilight Kayak Tour with Bonfire Experience;4.9891305;92;175;4.869;https://www.viator.com/tours/Las-Vegas/Twilight-Kayak-Tour-from-Las-Vegas/d684-39939P3?mcid=42383&pid=P00140156&medium=api&api_version=2.0
x;170456P1;adventure-tours;Emerald Cave Kayak Tour: Scenic Paddle with Optional Shuttle;4.8701344;3057;89;4.867;https://www.viator.com/tours/Las-Vegas/Emerald-Cave-Kayak-Tour/d684-170456P1?mcid=42383&pid=P00140156&medium=api&api_version=2.0
x;475178P1;adventure-tours;Self-Drive Emerald Cave Kayak Tour-Guided Willow Beach Paddle;4.988506;87;75;4.864;https://www.viator.com/tours/Las-Vegas/4-Hour-Emerald-Cave-Kayak-Tour/d684-475178P1?mcid=42383&pid=P00140156&medium=api&api_version=2.0
x;10559P3;adventure-tours;The Gamers Shooting Range Experience in Las Vegas;4.967742;93;219;4.856;https://www.viator.com/tours/Las-Vegas/Gamer-Shooting-Experience-in-Las-Vegas/d684-10559P3?mcid=42383&pid=P00140156&medium=api&api_version=2.0
x;228252P1;adventure-tours;Las Vegas Dunes ATV Tour;4.861702;1598;100;4.855;https://www.viator.com/tours/Las-Vegas/Las-Vegas-Dunes-ATV-Tour/d684-228252P1?mcid=42383&pid=P00140156&medium=api&api_version=2.0
x;5116_HR001;adventure-tours;Red Rock Canyon Sunset Horseback Ride and Barbeque Dinner;4.8531976;1376;199;4.846;https://www.viator.com/tours/Las-Vegas/Red-Rock-Canyon-Sunset-Horseback-Ride-and-Barbeque/d684-5116_HR001?mcid=42383&pid=P00140156&medium=api&api_version=2.0
x;10559P14;adventure-tours;Seal Team 6 Shooting Range Experience in Las Vegas;4.9298244;114;239;4.844;https://www.viator.com/tours/Las-Vegas/4-Gun-Shooting-Experience-in-Las-Vegas/d684-10559P14?mcid=42383&pid=P00140156&medium=api&api_version=2.0
x;5607299P2;adventure-tours;Las Vegas Outdoor Machine Gun and Rifle Shooting with Shuttle;4.9468083;94;159;4.843;https://www.viator.com/tours/Las-Vegas/Las-Vegas-Outdoor-Machine-Gun-and-Rifle-Shooting-with-Pickup/d684-5607299P2?mcid=42383&pid=P00140156&medium=api&api_version=2.0
x;477153P1;adventure-tours;Emerald Cave Half-Day Kayak Tour, a Triple Cave Adventure;4.972603;73;109;4.84;https://www.viator.com/tours/Las-Vegas/Emerald-Cave-Direct-Kayak-Tour/d684-477153P1?mcid=42383&pid=P00140156&medium=api&api_version=2.0
x;18018P8;adventure-tours;Half-Day Mojave Desert ATV Tour from Las Vegas;4.831596;7482;130;4.83;https://www.viator.com/tours/Las-Vegas/Mojave-Desert-ATV-Tour/d684-18018P8?mcid=42383&pid=P00140156&medium=api&api_version=2.0
x;26719P7;adventure-tours;Self-Guided Emerald Cave Kayak Rental at Willow Beach;4.903226;124;79;4.83;https://www.viator.com/tours/Las-Vegas/Bowl-of-Fire-Hike/d684-26719P7?mcid=42383&pid=P00140156&medium=api&api_version=2.0
x;341595P1;adventure-tours;Las Vegas Desert ATV Experience;4.8293233;3533;109;4.827;https://www.viator.com/tours/Las-Vegas/Mojave-Desert-ATV-Tour/d684-341595P1?mcid=42383&pid=P00140156&medium=api&api_version=2.0
x;18018P10;adventure-tours;Nellis Dunes ATV Tour from Las Vegas;4.8273616;3991;95;4.825;https://www.viator.com/tours/Las-Vegas/Las-Vegas-Dunes-Tour/d684-18018P10?mcid=42383&pid=P00140156&medium=api&api_version=2.0
x;5052BREAKFAST;adventure-tours;Morning Horseback Ride with Breakfast from Las Vegas;4.8235292;1717;129.99;4.819;https://www.viator.com/tours/Las-Vegas/Morning-Maverick-Horseback-Ride-with-Breakfast/d684-5052BREAKFAST?mcid=42383&pid=P00140156&medium=api&api_version=2.0
x;170456P3;adventure-tours;Emerald Cave Kayak Rental with Optional Vegas Shuttle;4.844765;277;79;4.815;https://www.viator.com/tours/Las-Vegas/Emerald-Cave-Kayak-Rental-with-Optional-Shuttle-from-Las-Vegas/d684-170456P3?mcid=42383&pid=P00140156&medium=api&api_version=2.0
x;35263P7;adventure-tours;Outdoor Shooting and Off-Road Racing Combo;4.891089;101;514;4.81;https://www.viator.com/tours/Las-Vegas/Outdoor-Shooting-and-OFF-ROAD-RACING-Combo/d684-35263P7?mcid=42383&pid=P00140156&medium=api&api_version=2.0
x;5116_HR005;adventure-tours;2-Hour Horseback Riding through Red Rock Canyon;4.818594;882;149;4.809;https://www.viator.com/tours/Las-Vegas/2-Hour-Horseback-Riding-through-Red-Rock-Canyon/d684-5116_HR005?mcid=42383&pid=P00140156&medium=api&api_version=2.0
x;137397P1;adventure-tours;Two Hour Off-Road Driving Adventure in Las Vegas;5;42;277.19;4.808;https://www.viator.com/tours/Las-Vegas/Off-Road-Driving-Adventure-in-Las-Vegas/d684-137397P1?mcid=42383&pid=P00140156&medium=api&api_version=2.0
x;10559P5;adventure-tours;Femme Fatale Shooting Range Experience in Las Vegas;4.96;50;159;4.804;https://www.viator.com/tours/Las-Vegas/Ladies-Only-Shooting-Package-in-Las-Vegas/d684-10559P5?mcid=42383&pid=P00140156&medium=api&api_version=2.0
x;3017RAIDERS;adventure-tours;Old West ATV or RZR Adventure with Gold Mine Tour and Lunch;4.8097014;804;334;4.8;https://www.viator.com/tours/Las-Vegas/El-Dorado-Canyon-and-Gold-Mine-Trip/d684-3017RAIDERS?mcid=42383&pid=P00140156&medium=api&api_version=2.0
x;13920P4;adventure-tours;Sniper Experience Outdoor Shooting in Las Vegas;4.9423075;52;330;4.798;https://www.viator.com/tours/Las-Vegas/Sniper-Experience-Outdoor-Shooting-Package/d684-13920P4?mcid=42383&pid=P00140156&medium=api&api_version=2.0
x;3017P16;adventure-tours;Ride The Past & Have a Blast: 1861 Ghost Town & ATV Tour;4.9761906;42;220;4.798;https://www.viator.com/tours/Las-Vegas/Eldorado-Canyon-ATV-RZR-Half-Day-Tour/d684-3017P16?mcid=42383&pid=P00140156&medium=api&api_version=2.0
x;26719P5;adventure-tours;Colorado River Full-Day Kayak Tour incl Hot Springs and Caves;4.97561;41;199;4.795;https://www.viator.com/tours/Las-Vegas/Full-Day-Colorado-River-Hot-Springs-Tour/d684-26719P5?mcid=42383&pid=P00140156&medium=api&api_version=2.0
x;3611P5;adventure-tours;Las Vegas Sand Dune ATV Tour in Las Vegas;4.80077;1039;174.64;4.794;https://www.viator.com/tours/Las-Vegas/Las-Vegas-ATV-Tours-Express-Intro-Package/d684-3611P5?mcid=42383&pid=P00140156&medium=api&api_version=2.0
x;13920P9;adventure-tours;Off Road UTV and 3-Gun Shooting Package in Las Vegas;4.8613863;101;375;4.791;https://www.viator.com/tours/Las-Vegas/Off-Road-and-Shoot/d684-13920P9?mcid=42383&pid=P00140156&medium=api&api_version=2.0
x;302925P2;adventure-tours;Off Road Desert Adventure in 2-Seater CanAm;4.818182;132;329;4.771;https://www.viator.com/tours/Nevada/UTV-Ghost-Town-Drive-Adventure-Tour/d22171-302925P2?mcid=42383&pid=P00140156&medium=api&api_version=2.0
x;10559P9;adventure-tours;Special Air Services Shooting Range Experience in Las Vegas;5;27;229;4.771;https://www.viator.com/tours/Las-Vegas/Special-Air-Services-Shooting-Experience-in-Las-Vegas/d684-10559P9?mcid=42383&pid=P00140156&medium=api&api_version=2.0
x;5052DINNER;adventure-tours;Wild West Sunset Horseback Ride with Dinner from Las Vegas;4.7741637;1076;159.99;4.769;https://www.viator.com/tours/Las-Vegas/Wild-West-Sunset-Horseback-Ride-with-Dinner/d684-5052DINNER?mcid=42383&pid=P00140156&medium=api&api_version=2.0
x;107180P5;adventure-tours;Always Private Group You Drive UTV Off Road 3 Hours. Near Vegas;5;25;336.5;4.765;https://www.viator.com/tours/Las-Vegas/Feel-Freedom-3-Hours-You-Drive-UTV-Las-Vegas-Desert-Experience/d684-107180P5?mcid=42383&pid=P00140156&medium=api&api_version=2.0
x;13920P12;adventure-tours;Off Road UTV Adrenaline Experience in Las Vegas;4.7748227;564;240;4.764;https://www.viator.com/tours/Las-Vegas/Off-Road-Las-Vegas/d684-13920P12?mcid=42383&pid=P00140156&medium=api&api_version=2.0
x;13920P7;adventure-tours;Apocalypse Shooting Experience in Las Vegas;5;24;1295;4.762;https://www.viator.com/tours/Las-Vegas/Apocalypse-12-Shooting-Package/d684-13920P7?mcid=42383&pid=P00140156&medium=api&api_version=2.0
x;126675P3;adventure-tours;Machine Gun Shooting Experience in Las Vegas with Lunch;4.962963;27;239;4.758;https://www.viator.com/tours/Las-Vegas/Best-Machine-Gun-Shoot-in-Vegas/d684-126675P3?mcid=42383&pid=P00140156&medium=api&api_version=2.0
x;18018P1;adventure-tours;ATV Tour of Lake Mead and Colorado River from Las Vegas;4.7791667;240;299;4.756;https://www.viator.com/tours/Las-Vegas/ATV-Tour-of-Lake-Mead-National-Park-and-Colorado-River-from-Las-Vegas/d684-18018P1?mcid=42383&pid=P00140156&medium=api&api_version=2.0
x;433878P5;adventure-tours;5 Hour Las Vegas Off-Road: Self Drive Jeep Mojave Adventure;5;22;320;4.755;https://www.viator.com/tours/Las-Vegas/5-hour-Private-Self-Guided-4x4-adventure-Secrets-of-the-West/d684-433878P5?mcid=42383&pid=P00140156&medium=api&api_version=2.0
x;314844P1;adventure-tours;Half-Day Emerald Cave Kayak Tour with Optional Transportation;4.7702703;296;95;4.753;https://www.viator.com/tours/Las-Vegas/Willow-Beach-Half-Day-Kayak-Tour/d684-314844P1?mcid=42383&pid=P00140156&medium=api&api_version=2.0
x;227219P2;adventure-tours;Grey Wolf Shooting Experience;5;20;399;4.748;https://www.viator.com/tours/Las-Vegas/Grey-Wolf/d684-227219P2?mcid=42383&pid=P00140156&medium=api&api_version=2.0
x;18018P18;adventure-tours;Nelson Hills Desert ATV Tour From Las Vegas;4.8208957;67;110;4.747;https://www.viator.com/tours/Las-Vegas/Hoover-Dam-Photo-Op-and-Mojave-Desert-ATV-Tour/d684-18018P18?mcid=42383&pid=P00140156&medium=api&api_version=2.0
x;5145P12;adventure-tours;Emerald Cave Kayak Trip from Willow Beach near Las Vegas;4.836364;55;159;4.746;https://www.viator.com/tours/Las-Vegas/Willow-Beach-to-Emerald-Cave-Half-Day-Kayak-Trip-from-Las-Vegas/d684-5145P12?mcid=42383&pid=P00140156&medium=api&api_version=2.0
x;425382P1;adventure-tours;Las Vegas Guided Off-Road Adventure to Boathouse Cove;5;18;199.5;4.741;https://www.viator.com/tours/Las-Vegas/Off-road-guided-tour-of-Rainbow-Gardens-and-Lava-Butte-trails/d684-425382P1?mcid=42383&pid=P00140156&medium=api&api_version=2.0
x;3611MBAD;adventure-tours;Extreme Dune Buggy Night Chase from Las Vegas;4.9545455;22;722.84;4.741;https://www.viator.com/tours/Las-Vegas/Extreme-Dune-Buggy-Night-Tour-from-Las-Vegas/d684-3611MBAD?mcid=42383&pid=P00140156&medium=api&api_version=2.0
x;218819P1;adventure-tours;Thin Blue Line Shooting Range Package;4.861111;36;130;4.737;https://www.viator.com/tours/Las-Vegas/Thin-Blue-Line-shooting-range-package/d684-218819P1?mcid=42383&pid=P00140156&medium=api&api_version=2.0
x;126675P2;adventure-tours;Desert Storm Shooting Experience with Lunch;5;16;499;4.733;https://www.viator.com/tours/Las-Vegas/PLATINUM-5-STAR-8-Gun-Desert-Shooting/d684-126675P2?mcid=42383&pid=P00140156&medium=api&api_version=2.0
x;393443P1;adventure-tours;Private ATV Riding in Las Vegas;4.755102;147;99;4.728;https://www.viator.com/tours/Las-Vegas/Come-ride-the-Vegas-San-Dunes/d684-393443P1?mcid=42383&pid=P00140156&medium=api&api_version=2.0
x;104700P5;adventure-tours;Off-Road Racing and Outdoor Shooting Package;4.909091;22;621.71;4.727;https://www.viator.com/tours/Las-Vegas/Off-Road-Racing-and-Outdoor-Shooting-Package/d684-104700P5?mcid=42383&pid=P00140156&medium=api&api_version=2.0
x;7197P1;adventure-tours;Adventure Awaits: 2-Hour ATV Ride in the Nellis Dunes;4.73057;386;130;4.721;https://www.viator.com/tours/Las-Vegas/ATV-Tours-at-Nellis-Dunes-from-Las-Vegas/d684-7197P1?mcid=42383&pid=P00140156&medium=api&api_version=2.0
x;109398P1;adventure-tours;Las Vegas ATV Tours;4.740741;162;105;4.719;https://www.viator.com/tours/Las-Vegas/ATV-RZR-Tours/d684-109398P1?mcid=42383&pid=P00140156&medium=api&api_version=2.0
x;215651P4;adventure-tours;Horseback Ride Joshua Tree Forest Buffalo Lunch Singing Cowboy;4.869565;23;269;4.717;https://www.viator.com/tours/Kingman/Horseback-Riding-Western-Breakfast-and-Buffalo/d50726-215651P4?mcid=42383&pid=P00140156&medium=api&api_version=2.0
x;5052P1;adventure-tours;Las Vegas Horseback Ride with Meal;4.755814;86;129.99;4.716;https://www.viator.com/tours/Las-Vegas/Las-Vegas-Horseback-Ride-with-Meal/d684-5052P1?mcid=42383&pid=P00140156&medium=api&api_version=2.0
x;170456P4;adventure-tours;Moonlight Kayak Tour—Sunset Paddle, Neon Lights & Shuttle Option;4.894737;19;109;4.716;https://www.viator.com/tours/Las-Vegas/Emerald-Cave-Kayak-Tour-Self-Transportation-Deal/d684-170456P4?mcid=42383&pid=P00140156&medium=api&api_version=2.0
x;227219P1;adventure-tours;Eagle's Nest Shooting Experience;4.9333334;15;329;4.713;https://www.viator.com/tours/Las-Vegas/Eagles-Nest/d684-227219P1?mcid=42383&pid=P00140156&medium=api&api_version=2.0
x;18018P9;adventure-tours;Lake Mead National Park ATV Tour to the Colorado River & Off-Road Racing Combo;4.85;20;704.26;4.705;https://www.viator.com/tours/Las-Vegas/Lake-Mead-National-Park-ATV-Tour-to-the-Colorado-River-and-Off-Road-Racing-Combo/d684-18018P9?mcid=42383&pid=P00140156&medium=api&api_version=2.0
x;5145P7;adventure-tours;Willow Beach Colorado River Kayak Day Trip with Lunch;4.7714286;35;218;4.699;https://www.viator.com/tours/Las-Vegas/Kayaking-Day-Trip-on-the-Colorado-River/d684-5145P7?mcid=42383&pid=P00140156&medium=api&api_version=2.0
x;240046P6;adventure-tours;Lake Mead Sunset Kayak Tour with Dinner, Swim and Campfire;4.8095236;21;189;4.695;https://www.viator.com/tours/Las-Vegas/Lake-Mead-Sunset-Paddle/d684-240046P6?mcid=42383&pid=P00140156&medium=api&api_version=2.0
x;3611MINI;adventure-tours;Mini Baja Chase Dune Buggy Adventure in Las Vegas;4.690947;961;221.69;4.689;https://www.viator.com/tours/Las-Vegas/Mini-Baja-Buggy-Half-Day-Tour-from-Las-Vegas/d684-3611MINI?mcid=42383&pid=P00140156&medium=api&api_version=2.0
x;482338P1;adventure-tours;Las Vegas ATV Rentals;4.7727275;22;99;4.686;https://www.viator.com/tours/Las-Vegas/Side-by-side-Utv/d684-482338P1?mcid=42383&pid=P00140156&medium=api&api_version=2.0
x;10559P10;adventure-tours;Outdoor Shooting Range Experience in Las Vegas;4.8;15;299;4.683;https://www.viator.com/tours/Las-Vegas/Outdoor-Shooting-Experience-Beginner-Intermediate-or-Advance/d684-10559P10?mcid=42383&pid=P00140156&medium=api&api_version=2.0
x;104700P2;adventure-tours;Off Road Racing: 5 Laps;4.642857;28;405.79;4.646;https://www.viator.com/tours/Las-Vegas/Off-Road-Racing-5-Laps/d684-104700P2?mcid=42383&pid=P00140156&medium=api&api_version=2.0
x;3611VAL;adventure-tours;Valley of Fire ATV, RZR, UTV or Dune Buggy Adventure;4.6413045;184;925.68;4.643;https://www.viator.com/tours/Las-Vegas/Valley-Of-Fire-Buggy-Tour/d684-3611VAL?mcid=42383&pid=P00140156&medium=api&api_version=2.0
x;191767P5;adventure-tours;Valley Of Fire Best Off Road Jeep Tour with Lunch;4.5;16;432.5;4.612;https://www.viator.com/tours/Las-Vegas/Valley-Of-Fire-Best-Offroad-Adventure/d684-191767P5?mcid=42383&pid=P00140156&medium=api&api_version=2.0
x;412691P1;adventure-tours;Emerald Cave Kayak Tour with Wildlife, Swim and Shuttle Option;4.5454545;66;129;4.589;https://www.viator.com/tours/Las-Vegas/Epic-Emerald-Cave-Kayak-Tours/d684-412691P1?mcid=42383&pid=P00140156&medium=api&api_version=2.0
x;65838P6;adventure-tours;Valley of Fire 3-Hour ATV Tour from Las Vegas;4.463054;203;199;4.5;https://www.viator.com/tours/Las-Vegas/Valley-of-Fire-ATV-Quad-450cc-750cc-3-hour-Tour/d684-65838P6?mcid=42383&pid=P00140156&medium=api&api_version=2.0
x;14272P1;day-trips;Scooter Tours of Red Rock Canyon;4.989001;2182;124.99;4.981;https://www.viator.com/tours/Las-Vegas/Red-Rock-Scooter-Tours/d684-14272P1?mcid=42383&pid=P00140156&medium=api&api_version=2.0
x;7079RREBIKE;day-trips;Red Rock Canyon eBike Half-Day Tour;4.9896855;1939;137;4.981;https://www.viator.com/tours/Las-Vegas/Red-Rock-Canyon-Electric-Bike-Tour/d684-7079RREBIKE?mcid=42383&pid=P00140156&medium=api&api_version=2.0
x;132218P394;day-trips;Small Group: Valley of Fire Half Day Tour from Las Vegas;4.9697857;3409;99;4.965;https://www.viator.com/tours/Las-Vegas/Small-Group-Valley-of-Fire-Half-Day-Hiking-Tour-from-Las-Vegas/d684-132218P394?mcid=42383&pid=P00140156&medium=api&api_version=2.0
x;6321VFH;day-trips;Valley of Fire Guided Hike from Las Vegas;4.960024;1676;128.99;4.951;https://www.viator.com/tours/Las-Vegas/Valley-of-Fire-Hiking-Tour-from-Las-Vegas/d684-6321VFH?mcid=42383&pid=P00140156&medium=api&api_version=2.0
x;60124P1;day-trips;Red Rock Canyon Self-Guided Electric Bike Tour;4.962264;795;129;4.944;https://www.viator.com/tours/Las-Vegas/Red-Rock-Canyon-Self-Guided-Electric-Bike-Tour/d684-60124P1?mcid=42383&pid=P00140156&medium=api&api_version=2.0
x;314757P3;day-trips;Best of Death Valley Small Group Day Tour from Las Vegas;4.9568243;718;199;4.937;https://www.viator.com/tours/Las-Vegas/Death-Valley-Day-Tour-From-Las-Vegas/d684-314757P3?mcid=42383&pid=P00140156&medium=api&api_version=2.0
x;56549P1;day-trips;Private Valley of Fire Hiking and Sightseeing Adventure;5;203;180;4.93;https://www.viator.com/tours/Nevada/Private-Valley-of-Fire-Hiking-and-Sightseeing-Adventure/d22171-56549P1?mcid=42383&pid=P00140156&medium=api&api_version=2.0
x;159353P1;day-trips;Award Winning Red Rock Canyon Tours;4.9292035;1017;95;4.916;https://www.viator.com/tours/Las-Vegas/Red-Rock-Discovery-Tours/d684-159353P1?mcid=42383&pid=P00140156&medium=api&api_version=2.0
x;73781P1;day-trips;Small-Group Lower Antelope Canyon & Horseshoe Bend Tour w/ Lunch;4.9430523;439;229.99;4.913;https://www.viator.com/tours/Las-Vegas/Antelope-Canyon-and-Horseshoe-Bend-Day-Tour-from-Las-Vegas/d684-73781P1?mcid=42383&pid=P00140156&medium=api&api_version=2.0
x;256446P5;day-trips;Valley of Fire Sunset Tour from Las Vegas;4.96063;254;128;4.909;https://www.viator.com/tours/Las-Vegas/New-Valley-of-Fire-Sunset-Tour/d684-256446P5?mcid=42383&pid=P00140156&medium=api&api_version=2.0
x;132218P432;day-trips;Zion National Park Small Group Hiking Day Tour from Las Vegas;4.941691;343;148;4.904;https://www.viator.com/tours/Las-Vegas/Small-Group-Zion-National-Park-In-Depth-Hiking-Tour-from-Vegas/d684-132218P432?mcid=42383&pid=P00140156&medium=api&api_version=2.0
x;398496P3;day-trips;Red Rock Canyon Fun Scenic Self-Drive Adventure;4.9501915;261;105;4.902;https://www.viator.com/tours/Las-Vegas/Red-Rock-Canyon-Scenic-Adventure-Car-Rental/d684-398496P3?mcid=42383&pid=P00140156&medium=api&api_version=2.0
x;256446P2;day-trips;Valley of Fire and Red Rock Canyon Day Tour from Las Vegas;4.9174194;775;148;4.901;https://www.viator.com/tours/Las-Vegas/Beautiful-one-day-tour-from-Las-Vegas-to-the-Valley-of-Fire-and-Red-Rock-Canyon/d684-256446P2?mcid=42383&pid=P00140156&medium=api&api_version=2.0
x;132218P5;day-trips;Lower Antelope Canyon and Horseshoe Bend Day Tour with Lunch;4.8889737;7854;189;4.887;https://www.viator.com/tours/Las-Vegas/Lower-Antelope-Canyon-and-Horseshoe-Bend-Day-Tour/d684-132218P5?mcid=42383&pid=P00140156&medium=api&api_version=2.0
x;159353P4;day-trips;The “As Seen on TV” Panoramic Red Rock Canyon Scenic Loop Tour;4.951807;166;105;4.881;https://www.viator.com/tours/Las-Vegas/Red-Rock-Scenic-Loop-Tour/d684-159353P4?mcid=42383&pid=P00140156&medium=api&api_version=2.0
x;179338P11;day-trips;Death Valley Sunset and Stargazing Tour from Las Vegas;4.87785;614;249;4.861;https://www.viator.com/tours/Las-Vegas/Death-Valley-full-day-tour-from-Las-Vegas-Watching-the-sunset-and-stars-Tour/d684-179338P11?mcid=42383&pid=P00140156&medium=api&api_version=2.0
x;3533P14;day-trips;Red Rock Canyon with Rocky Gap Road 4x4 Jeep Tour;4.8965516;261;156.3;4.857;https://www.viator.com/tours/Las-Vegas/Red-Rock-Canyon-with-Rocky-Gap-4x4-Adventure/d684-3533P14?mcid=42383&pid=P00140156&medium=api&api_version=2.0
x;110263P6;day-trips;Private Guided Photography & Walking Tour of Zion National Park;4.9466667;75;399;4.827;https://www.viator.com/tours/Las-Vegas/VIP-Zion-National-Park-and-Sunset-at-Valley-of-Fire-Small-Group-Tour/d684-110263P6?mcid=42383&pid=P00140156&medium=api&api_version=2.0
x;5109_HI002;day-trips;Red Rock Canyon Hike with Transport from Las Vegas;4.8369427;785;129.99;4.826;https://www.viator.com/tours/Las-Vegas/Red-Rock-Canyon-Hiking-Tour/d684-5109_HI002?mcid=42383&pid=P00140156&medium=api&api_version=2.0
x;5109_CY003;day-trips;Guided Mountain Bike Tour of Mustang Trail in Red Rock Canyon;4.865854;164;149.99;4.815;https://www.viator.com/tours/Las-Vegas/Guided-Mountain-Bike-Tour-of-Mustang-Trail-in-Red-Rock-Canyon/d684-5109_CY003?mcid=42383&pid=P00140156&medium=api&api_version=2.0
x;5535922P3;day-trips;Shared Tour in Red Rock Canyon;5;43;88.33;4.81;https://www.viator.com/tours/Las-Vegas/Explore-Red-Rock-Canyon-A-Scenic-Loop-Drive-Adventure/d684-5535922P3?mcid=42383&pid=P00140156&medium=api&api_version=2.0
x;215651P3;day-trips;Oatman Mining Camp & Burros: Historic Route 66 Tour from Laughlin;4.8761063;113;129;4.806;https://www.viator.com/tours/Kingman/Oatman-Village-Western-Mining-Town-and-Route-66-Experience/d50726-215651P3?mcid=42383&pid=P00140156&medium=api&api_version=2.0
x;377560P8;day-trips;Red Rock Canyon Talking GoCar Adventure — Fun, Self-Drive Tour;4.8342247;187;109;4.795;https://www.viator.com/tours/Las-Vegas/Red-Rock-Canyon-Talking-GoCar-Adventure-Fun-Self-Drive-Tour/d684-377560P8?mcid=42383&pid=P00140156&medium=api&api_version=2.0
x;169224P5;day-trips;California Desert, Seven Magic Mountains and Las Vegas Sign;4.8304095;171;59;4.789;https://www.viator.com/tours/Las-Vegas/California-Desert-Seven-Magic-Mountains-Las-Vegas-Sign/d684-169224P5?mcid=42383&pid=P00140156&medium=api&api_version=2.0
x;110263P7;day-trips;Death Valley Day & Night Tour - Scenic Stops, Sunset & Stargazing;4.8396945;131;299;4.787;https://www.viator.com/tours/Las-Vegas/Death-Valley-Stargazing-Winery-Tour-and-Scenic-Viewpoints/d684-110263P7?mcid=42383&pid=P00140156&medium=api&api_version=2.0
x;60136P1;day-trips;Antelope Canyon & Horseshoe Bend from Vegas, Lunch, Free WiFi;4.788935;2151;170;4.786;https://www.viator.com/tours/Las-Vegas/Antelope-Canyon-Horseshoe-Bend-Day-Tour-from-Las-Vegas/d684-60136P1?mcid=42383&pid=P00140156&medium=api&api_version=2.0
x;5602DVNPDT;day-trips;Small-Group Death Valley National Park Day Tour from Las Vegas;4.808036;224;279;4.779;https://www.viator.com/tours/Las-Vegas/Small-Group-Death-Valley-National-Park-Day-Trip-from-Las-Vegas/d684-5602DVNPDT?mcid=42383&pid=P00140156&medium=api&api_version=2.0
x;3533VOF;day-trips;Valley of Fire Day Tour from Las Vegas;4.8061223;196;195.64;4.774;https://www.viator.com/tours/Las-Vegas/Valley-of-Fire-Luxury-Tour-Trekker-Excursion/d684-3533VOF?mcid=42383&pid=P00140156&medium=api&api_version=2.0
x;224423P6;day-trips;4-Hour Private Hidden Hot Springs Tour near Death Valley;5;28;175;4.774;https://www.viator.com/tours/Las-Vegas/Soak-in-a-secret-hot-spring-near-Death-Valley-National-Park/d684-224423P6?mcid=42383&pid=P00140156&medium=api&api_version=2.0
x;73781P10;day-trips;Death Valley Small Group Day Tour From Las Vegas;4.9444447;36;164.99;4.772;https://www.viator.com/tours/Las-Vegas/Death-Valley-Small-Group-Day-Tour-From-Las-Vegas/d684-73781P10?mcid=42383&pid=P00140156&medium=api&api_version=2.0
x;142926P3;day-trips;Valley of Fire/ Mojave Desert VIP Small Group Tour From Las Vegas;4.799043;209;123.19;4.77;https://www.viator.com/tours/Las-Vegas/Valley-of-Fire-Lost-City-Museum-SMALL-GROUP-TOUR/d684-142926P3?mcid=42383&pid=P00140156&medium=api&api_version=2.0
x;190492P2;day-trips;Valley of Fire Guided Hiking Tour From Las Vegas;5;26;149;4.768;https://www.viator.com/tours/Las-Vegas/Tour-to-Valley-of-Fire-Hoover-Dam-Lake-Mead-Overlook/d684-190492P2?mcid=42383&pid=P00140156&medium=api&api_version=2.0
x;6321P2;day-trips;Red Rock Canyon Hiking Adventure fom Las Vegas;4.9411764;34;139;4.766;https://www.viator.com/tours/Las-Vegas/Hiking-Adventure-at-Red-Rock-Canyon/d684-6321P2?mcid=42383&pid=P00140156&medium=api&api_version=2.0
x;3533RRC;day-trips;Red Rock Canyon from Las Vegas;4.789256;242;126.53;4.765;https://www.viator.com/tours/Las-Vegas/Red-Rock-Canyon-Luxury-Tour-Trekker-Experience/d684-3533RRC?mcid=42383&pid=P00140156&medium=api&api_version=2.0
x;60124P4;day-trips;Sunrise Red Rock Canyon Self-Guided Electric Bike Tour with Hotel Pick-up;5;25;154;4.765;https://www.viator.com/tours/Las-Vegas/SUNRISE-at-Red-Rock-Canyon-Self-Guided-Electric-Bike-Tour-With-PICK-UP/d684-60124P4?mcid=42383&pid=P00140156&medium=api&api_version=2.0
x;5119_O0028;day-trips;Small Group: Bryce Canyon and Zion National Park Day Tour;4.78355;231;321.99;4.759;https://www.viator.com/tours/Las-Vegas/Bryce-Canyon-and-Zion-National-Parks-Small-Group-Tour-from-Las-Vegas/d684-5119_O0028?mcid=42383&pid=P00140156&medium=api&api_version=2.0
x;3533DEATHVALLEY;day-trips;Death Valley Explorer Tour by Tour Trekker from Las Vegas;4.8055553;108;313.66;4.756;https://www.viator.com/tours/Las-Vegas/Death-Valley-Explorer-Tour-by-Tour-Trekker/d684-3533DEATHVALLEY?mcid=42383&pid=P00140156&medium=api&api_version=2.0
x;73781P11;day-trips;Death Valley Small Group Day Tour with Sunset and Stargazing;4.87234;47;229.99;4.756;https://www.viator.com/tours/Las-Vegas/Death-Valley-Sunset-and-Stargazing-Small-Group-Tour/d684-73781P11?mcid=42383&pid=P00140156&medium=api&api_version=2.0
x;130144P3;day-trips;Valley of Fire State Park Day Tour from Las Vegas;4.767164;335;109;4.752;https://www.viator.com/tours/Las-Vegas/Valley-of-Fire/d684-130144P3?mcid=42383&pid=P00140156&medium=api&api_version=2.0
x;447604P8;day-trips;Route 66, Oatman, Nelson Ghost Town SmallGroup Tour from LasVegas;4.857143;42;169;4.743;https://www.viator.com/tours/Las-Vegas/Las-Vegas-Route-66-Oatman-Kingman-and-Nelson-Ghost-Town-Tour/d684-447604P8?mcid=42383&pid=P00140156&medium=api&api_version=2.0
x;65838P9;day-trips;Valley of Fire 3 Hour Single Seater UTV Longest Tour in Vegas!;4.92;25;299;4.738;https://www.viator.com/tours/Las-Vegas/Polaris-RS1-UTV-Single-Seat-1-driver-1-ATV-Valley-of-Fire-Tour/d684-65838P9?mcid=42383&pid=P00140156&medium=api&api_version=2.0
x;215651P11;day-trips;Scenic Desert Wine Distillery Brewery Route 66 Tour;4.796875;64;159;4.731;https://www.viator.com/tours/Kingman/Route-66-Wine-Tasting-Brewery-and-Lunch-Tour/d50726-215651P11?mcid=42383&pid=P00140156&medium=api&api_version=2.0
x;60136P22;day-trips;Vegas: Bryce & Zion Luxury Boutique Scenic Tour with Lunch, WiFi;4.73168;2661;219;4.73;https://www.viator.com/tours/Las-Vegas/Bryce-Canyon-Day-tour-from-Las-Vegas/d684-60136P22?mcid=42383&pid=P00140156&medium=api&api_version=2.0
x;142926P1;day-trips;Antelope Canyon and Horseshoe Bend Day Trip from Las Vegas;4.733922;793;249.99;4.729;https://www.viator.com/tours/Las-Vegas/Antelope-Canyon-Tour/d684-142926P1?mcid=42383&pid=P00140156&medium=api&api_version=2.0
x;5119_O0037;day-trips;Valley of Fire and Lost City Museum Tour from Las Vegas;4.77;100;160.99;4.729;https://www.viator.com/tours/Las-Vegas/Valley-of-Fire-and-Lost-City-Museum-Tour-from-Las-Vegas/d684-5119_O0037?mcid=42383&pid=P00140156&medium=api&api_version=2.0
x;159353P5;day-trips;The Ultimate Red Rock Canyon Scenic Experience;4.9333334;15;165;4.713;https://www.viator.com/tours/Las-Vegas/Award-Winning-Red-Rock-Tour-with-Scenic-Loop-Combo/d684-159353P5?mcid=42383&pid=P00140156&medium=api&api_version=2.0
x;60136P60;day-trips;Upper Antelope Canyon & Horseshoe Bend from Las Vegas with Lunch;4.727941;136;259;4.706;https://www.viator.com/tours/Las-Vegas/Vegas-Upper-Antelope-Canyon-and-Horseshoe-Bend-Day-Tour-with-Lunch/d684-60136P60?mcid=42383&pid=P00140156&medium=api&api_version=2.0
x;130144P16;day-trips;California Desert, Seven Magic Mountains and Las Vegas Sign;4.726619;139;49;4.706;https://www.viator.com/tours/Las-Vegas/Seven-Magic-Mountains-and-Las-Vegas-Sign/d684-130144P16?mcid=42383&pid=P00140156&medium=api&api_version=2.0
x;5109P6;day-trips;Half-Day Electric Bike Tour of Red Rock Canyon;4.7028112;249;119.99;4.694;https://www.viator.com/tours/Las-Vegas/Electric-Bike-Tour-of-Red-Rock-Canyon/d684-5109P6?mcid=42383&pid=P00140156&medium=api&api_version=2.0
x;130144P1;day-trips;Antelope Canyon & Horseshoe Bend with Lunch;4.707071;99;270;4.687;https://www.viator.com/tours/Las-Vegas/Tour/d684-130144P1?mcid=42383&pid=P00140156&medium=api&api_version=2.0
x;5109_CY001;day-trips;Guided or Self-Guided Road Bike Tour of Red Rock Canyon;4.705128;78;129.99;4.683;https://www.viator.com/tours/Las-Vegas/Guided-or-Self-Guided-Road-Bike-Tour-of-Red-Rock-Canyon/d684-5109_CY001?mcid=42383&pid=P00140156&medium=api&api_version=2.0
x;26719P4;day-trips;Photographer's Dream: Valley of Fire Hiking Tour;4.7777777;18;129;4.682;https://www.viator.com/tours/Las-Vegas/Half-day-Hiking-Tour-of-the-Valley-of-Fire/d684-26719P4?mcid=42383&pid=P00140156&medium=api&api_version=2.0
x;142926P7;day-trips;Death Valley Small Group VIP Tour from Las Vegas;4.7619047;21;240;4.681;https://www.viator.com/tours/Las-Vegas/Death-Valley-an-Mojave-Desert-VIP-Small-Group-Tour-from-Las-Vegas/d684-142926P7?mcid=42383&pid=P00140156&medium=api&api_version=2.0
x;190492P3;day-trips;Small Group Bryce Canyon & Zion National Park Tour from Las Vegas;4.740741;27;249;4.68;https://www.viator.com/tours/Las-Vegas/Zion-and-Bryce-Canyon-Small-Group-Tour-from-Las-Vegas/d684-190492P3?mcid=42383&pid=P00140156&medium=api&api_version=2.0
x;60136P39;day-trips;Private Upper or Lower Antelope Canyon & Horseshoe Bend Day Tour;4.6969695;99;1430;4.68;https://www.viator.com/tours/Las-Vegas/Upper-Antelope-Canyon-and-Horseshoe-Bend-Day-Tour-from-Las-Vegas/d684-60136P39?mcid=42383&pid=P00140156&medium=api&api_version=2.0
x;3857P6;day-trips;Guided Antelope Canyon & Horseshoe Bend Day Tour from Las Vegas;4.6821427;280;209;4.677;https://www.viator.com/tours/Las-Vegas/Antelope-Canyon-and-Horseshoe-Bend/d684-3857P6?mcid=42383&pid=P00140156&medium=api&api_version=2.0
x;169224P2;day-trips;Valley of Fire Tour;4.6789837;433;119;4.676;https://www.viator.com/tours/Las-Vegas/Valley-of-Fire/d684-169224P2?mcid=42383&pid=P00140156&medium=api&api_version=2.0
x;5119P17;day-trips;Death Valley Day Trip from Las Vegas;4.6846848;111;297.99;4.673;https://www.viator.com/tours/Las-Vegas/Death-Valley-Tour-from-Las-Vegas/d684-5119P17?mcid=42383&pid=P00140156&medium=api&api_version=2.0
x;5602YNPRM7D;day-trips;7-Day Camping Tour: Bryce Canyon, Grand Tetons, Yellowstone from Las Vegas;4.733333;15;1995;4.667;https://www.viator.com/tours/Las-Vegas/7-Day-Camping-Tour-Bryce-Canyon-Salt-Lake-City-Grand-Tetons-Yellowstone-Rocky-Mountains-and-Snow-Canyon-from-Las-Vegas/d684-5602YNPRM7D?mcid=42383&pid=P00140156&medium=api&api_version=2.0
x;326264P1;day-trips;Lower Antelope Canyon&Horseshoe Bend&Lake Powell with WiFi, Lunch;4.6589146;129;189;4.656;https://www.viator.com/tours/Las-Vegas/Lower-Antelope-Canyon-Ticket/d684-326264P1?mcid=42383&pid=P00140156&medium=api&api_version=2.0
x;169224P1;day-trips;Antelope Canyon & Horseshoe Bend Tour from Las Vegas with Lunch;4.6666665;42;269;4.656;https://www.viator.com/tours/Las-Vegas/Tours/d684-169224P1?mcid=42383&pid=P00140156&medium=api&api_version=2.0
x;65838P3;day-trips;Scenic Valley of Fire 2-Person UTV Tour in Las Vegas;4.6540284;211;399;4.653;https://www.viator.com/tours/Las-Vegas/Valley-of-Fire-1-Person-2-Seater-UTV-Tour-Free-Hotel-Pickup-Lunch-Included/d684-65838P3?mcid=42383&pid=P00140156&medium=api&api_version=2.0
x;130144P10;day-trips;California Desert, Red Rock Views and Seven Magic Mountains;4.6466165;133;99;4.647;https://www.viator.com/tours/Las-Vegas/Red-Rock-Canyon-Seven-Magic-Mountains/d684-130144P10?mcid=42383&pid=P00140156&medium=api&api_version=2.0
x;142926P6;day-trips;Zion and Bryce Canyon National Park Small Group Tour;4.64;125;228.6;4.642;https://www.viator.com/tours/Las-Vegas/Bryce-Canyon-and-Zion-Park-Small-group-tour-from-La-Vegas/d684-142926P6?mcid=42383&pid=P00140156&medium=api&api_version=2.0
x;309754P41;day-trips;Self-Guided Driving Audio Tour in Joshua Tree National Park;4.625;24;19.99;4.64;https://www.viator.com/tours/Los-Angeles/Joshua-Tree-Audio-Driving-Tour/d645-309754P41?mcid=42383&pid=P00140156&medium=api&api_version=2.0
x;447604P2;day-trips;Small Group Family Tour at the Death Valley from Las Vegas;4.590909;22;199;4.63;https://www.viator.com/tours/Las-Vegas/From-Las-Vegas-Small-Group-Tour-at-the-Death-Valley/d684-447604P2?mcid=42383&pid=P00140156&medium=api&api_version=2.0
x;2596P2;day-trips;Red Rock Canyon Wedding by Private Limousine;4.5625;16;800.99;4.627;https://www.viator.com/tours/Las-Vegas/Red-Rock-Canyon-Wedding-by-Private-Limousine/d684-2596P2?mcid=42383&pid=P00140156&medium=api&api_version=2.0
x;17632P10;day-trips;The Ultimate Vegas Adventure- Red Rock Express Experience;4.545946;185;160;4.568;https://www.viator.com/tours/Las-Vegas/Red-Rock-Canyon-Automatic-Slingshot-Express-Tour/d684-17632P10?mcid=42383&pid=P00140156&medium=api&api_version=2.0
x;369424P1;day-trips;Small Group One Day Tour Death Valley National Park and Rhyolite Ghost Town;4.513158;76;170;4.566;https://www.viator.com/tours/Las-Vegas/One-Day-Tour-Death-Valley-National-Park-and-Rhyolite-Ghost-Town/d684-369424P1?mcid=42383&pid=P00140156&medium=api&api_version=2.0
x;5119P16;day-trips;Small-Group Zion National Park Day Tour from Las Vegas;4.491228;57;292.99;4.564;https://www.viator.com/tours/Las-Vegas/Zion-National-Park-Day-Tour-from-Las-Vegas/d684-5119P16?mcid=42383&pid=P00140156&medium=api&api_version=2.0
x;60136P15;day-trips;Shuttle between Las Vegas, Bryce Canyon, Zion National Park and St George;4.36;25;25;4.552;https://www.viator.com/tours/Las-Vegas/One-Way-Shuttle-Between-Las-Vegas-and-Flagstaff/d684-60136P15?mcid=42383&pid=P00140156&medium=api&api_version=2.0
x;150592P4;day-trips;Lower Antelope and Horseshoe Bend Tour from Las Vegas;4.285714;21;279;4.54;https://www.viator.com/tours/Las-Vegas/Lower-Antelope-Canyon-and-Horseshoe-Bend-Tour/d684-150592P4?mcid=42383&pid=P00140156&medium=api&api_version=2.0
x;17632P6;day-trips;The Ultimate Vegas Adventure- Red Rock & Strip Experience;4.506098;164;199;4.539;https://www.viator.com/tours/Las-Vegas/Red-Rock-Canyon-Trike-Tour-with-Las-Vegas-Strip/d684-17632P6?mcid=42383&pid=P00140156&medium=api&api_version=2.0
x;326264P8;day-trips;Upper Antelope Canyon&Horseshoe Bend&Lake Powell with WiFi, Lunch;4.304348;23;189;4.539;https://www.viator.com/tours/Las-Vegas/1-Day-Antelope-Canyon-X-and-Horseshoe-Bend-Tour-From-Las-Vegas-Ticket-Included/d684-326264P8?mcid=42383&pid=P00140156&medium=api&api_version=2.0
x;369424P5;day-trips;Zion National Park Day Trip from Las Vegas;4.2380953;21;179;4.526;https://www.viator.com/tours/Las-Vegas/From-Las-Vegas-Zion-National-Park-Day-Trip/d684-369424P5?mcid=42383&pid=P00140156&medium=api&api_version=2.0
x;5847LASWIN;helicopter-tours;Grand Canyon Deluxe Helicopter Tour with Landing from Las Vegas;4.8450756;2640;505.25;4.841;https://www.viator.com/tours/Las-Vegas/Grand-Canyon-Deluxe-Helicopter-Tour-from-Las-Vegas/d684-5847LASWIN?mcid=42383&pid=P00140156&medium=api&api_version=2.0
x;18018P7;helicopter-tours;ATV Tour of Lake Mead National Park with Optional Grand Canyon Helicopter Ride;4.9038463;104;350;4.821;https://www.viator.com/tours/Las-Vegas/Scenic-Motorized-ATV-Tour-of-Lake-Mead-National-Park-with-Optional-Grand-Canyon-Helicopter/d684-18018P7?mcid=42383&pid=P00140156&medium=api&api_version=2.0
x;336407P17;helicopter-tours;Grand Canyon Helicopter and Ranch Adventure by Luxury Vehicle;4.9322033;59;350;4.802;https://www.viator.com/tours/Las-Vegas/Grand-Canyon-Glamping-Ranch-by-Luxury-Shuttle-w-Helicopter-Tour/d684-336407P17?mcid=42383&pid=P00140156&medium=api&api_version=2.0
x;5847SUNSET;helicopter-tours;Sunset Grand Canyon Helicopter Tour from Las Vegas;4.8;440;676.01;4.784;https://www.viator.com/tours/Las-Vegas/Grand-Canyon-Sunset-Helicopter-Tour-from-Las-Vegas/d684-5847SUNSET?mcid=42383&pid=P00140156&medium=api&api_version=2.0
x;5516P9;helicopter-tours;Grand Canyon Helicopter and Western Ranch Adventure Landing Tour;4.791569;427;599;4.776;https://www.viator.com/tours/Las-Vegas/Grand-Canyon-Helicopter-and-Eagle-Point-Rim-Landing-Tour/d684-5516P9?mcid=42383&pid=P00140156&medium=api&api_version=2.0
x;5847NIGHT_TZ;helicopter-tours;Red Rock Canyon Helicopter Tour with Landing and Champagne Toast;4.875;64;257.1;4.775;https://www.viator.com/tours/Las-Vegas/Red-Rock-Canyon-Helicopter-Tour-with-Landing-and-Champagne-Toast/d684-5847NIGHT_TZ?mcid=42383&pid=P00140156&medium=api&api_version=2.0
x;5516P6;helicopter-tours;Extended Grand Canyon West Rim Air-Only Helicopter Tour;4.739521;668;549;4.733;https://www.viator.com/tours/Las-Vegas/Grand-Canyon-Extended-Above-and-Below-Helicopter-Flight/d684-5516P6?mcid=42383&pid=P00140156&medium=api&api_version=2.0
x;5516LVWED;helicopter-tours;Las Vegas Night Flight Helicopter Wedding Ceremony;5;16;749.5;4.733;https://www.viator.com/tours/Las-Vegas/Las-Vegas-Night-Flight-Helicopter-Wedding-Ceremony/d684-5516LVWED?mcid=42383&pid=P00140156&medium=api&api_version=2.0
x;5516P5;helicopter-tours;Grand Canyon Helicopter Flight with Sunset Valley of Fire Landing;4.7582417;91;649;4.719;https://www.viator.com/tours/Las-Vegas/Grand-Canyon-Helicopter-and-Valley-of-Fire-Champagne-Landing-Flight/d684-5516P5?mcid=42383&pid=P00140156&medium=api&api_version=2.0
x;5847LASDRE;helicopter-tours;Grand Canyon West Rim Day Trip by Helicopter from Las Vegas;4.7356324;87;563.55;4.703;https://www.viator.com/tours/Las-Vegas/West-Rim-Grand-Canyon-Helicopter-Tour-from-Las-Vegas/d684-5847LASDRE?mcid=42383&pid=P00140156&medium=api&api_version=2.0
x;5516P7;helicopter-tours;Grand Canyon Western Ranch Overnight Stay by Helicopter & Ground;4.818182;22;999;4.7;https://www.viator.com/tours/Las-Vegas/Overnight-Grand-Canyon-West-Rim-Cabin-and-Helicopter-Tour/d684-5516P7?mcid=42383&pid=P00140156&medium=api&api_version=2.0
x;5847VNHT;helicopter-tours;Sunset Red Rock Canyon Helicopter Tour and Champagne Toast;4.725806;62;286.13;4.691;https://www.viator.com/tours/Las-Vegas/Sunset-Red-Rock-Canyon-Helicopter-Tour-with-Landing-and-Champagne-Toast/d684-5847VNHT?mcid=42383&pid=P00140156&medium=api&api_version=2.0
x;5516P10;helicopter-tours;Grand Canyon Helicopter Flight with Emerald Cave Kayak Tour;4.7777777;18;749;4.682;https://www.viator.com/tours/Las-Vegas/Las-Vegas-Guided-Kayak-Tour-and-Grand-Canyon-Helicopter-TOUR/d684-5516P10?mcid=42383&pid=P00140156&medium=api&api_version=2.0
x;129718P3;helicopter-tours;Grand Canyon Tour In Spanish with Helicopter and Boat Ride;4.6875;32;619;4.663;https://www.viator.com/tours/Las-Vegas/Tour-Al-Gran-Canon-En-Espanol-con-Descenso-en-Helicoptero-y-Paseo-en-Bote/d684-129718P3?mcid=42383&pid=P00140156&medium=api&api_version=2.0
x;5119P13;helicopter-tours;Grand Canyon West Rim Small-Group Tour with Optional Helicopter;4.612121;165;352.99;4.62;https://www.viator.com/tours/Las-Vegas/Grand-Canyon-West-6-in-1-Tour-with-Helicopter-and-Landing/d684-5119P13?mcid=42383&pid=P00140156&medium=api&api_version=2.0
x;6613GRANDCELE;helicopter-tours;Grand Canyon West Rim Helicopter Tour with Champagne Toast;4.61753;1004;479;4.619;https://www.viator.com/tours/Las-Vegas/Grand-Canyon-Helicopter-Tour-from-Las-Vegas-with-Champagne-Picnic/d684-6613GRANDCELE?mcid=42383&pid=P00140156&medium=api&api_version=2.0
x;2596GCWED;helicopter-tours;Grand Canyon Helicopter Wedding;4.5238094;21;6200.99;4.611;https://www.viator.com/tours/Las-Vegas/Grand-Canyon-Helicopter-Wedding/d684-2596GCWED?mcid=42383&pid=P00140156&medium=api&api_version=2.0
x;5516ST1;helicopter-tours;Grand Canyon West Rim Luxury Helicopter Tour from Las Vegas;4.605904;1355;499;4.607;https://www.viator.com/tours/Las-Vegas/Grand-Canyon-West-Rim-Luxury-Helicopter-Tour/d684-5516ST1?mcid=42383&pid=P00140156&medium=api&api_version=2.0
x;5516ST2;helicopter-tours;Grand Canyon Helicopter Tour and River Raft or Emerald Cave Kayak;4.586614;254;749;4.597;https://www.viator.com/tours/Las-Vegas/Las-Vegas-Combo-Tour-Grand-Canyon-Helicopter-Flight-and-Colorado-River-Float-Day-Trip/d684-5516ST2?mcid=42383&pid=P00140156&medium=api&api_version=2.0
x;6613P29;helicopter-tours;Daytime Hoover Dam and Las Vegas Strip Helicopter Flight;4.4545455;44;214;4.557;https://www.viator.com/tours/Las-Vegas/Hoover-Dam-and-Daytime-Las-Vegas-Flight/d684-6613P29?mcid=42383&pid=P00140156&medium=api&api_version=2.0
x;5516P12;helicopter-tours;Valley of Fire Helicopter Tour and Landing with Champagne Toast;4.285714;28;349;4.518;https://www.viator.com/tours/Las-Vegas/Valley-of-Fire-Helicopter-Tour-with-Champagne-Floor-Landing/d684-5516P12?mcid=42383&pid=P00140156&medium=api&api_version=2.0
x;5847NIGHT;helicopter-tours;Las Vegas Strip Helicopter Night Flight;4.5114903;1523;99.94;4.516;https://www.viator.com/tours/Las-Vegas/Las-Vegas-Strip-Night-Flight-by-Helicopter-with-Transport/d684-5847NIGHT?mcid=42383&pid=P00140156&medium=api&api_version=2.0
x;5516P11;helicopter-tours;Red Rock Canyon Helicopter Air-Only Tour in Las Vegas;4.39726;73;229;4.499;https://www.viator.com/tours/Las-Vegas/Las-Vegas-Red-Rock-Canyon-Helicopter-Tour/d684-5516P11?mcid=42383&pid=P00140156&medium=api&api_version=2.0
x;6613EAGLE;helicopter-tours;Grand Canyon West Rim Aerial Helicopter Tour;4.40625;256;439;4.446;https://www.viator.com/tours/Las-Vegas/Grand-Canyon-Aerial-Helicopter-Tour/d684-6613EAGLE?mcid=42383&pid=P00140156&medium=api&api_version=2.0
x;6613P16;helicopter-tours;Grand Canyon West Helicopter Tour from Las Vegas with Optional Skywalk;4.3586206;145;564;4.433;https://www.viator.com/tours/Las-Vegas/VIP-at-the-Rim-Helicopter-Tour/d684-6613P16?mcid=42383&pid=P00140156&medium=api&api_version=2.0
x;5516P8;helicopter-tours;Helicopter Flight of the Las Vegas Strip with Eiffel Tower Dinner;4.282051;117;349.99;4.391;https://www.viator.com/tours/Las-Vegas/Vegas-Night-Out-VIP-Helicopter-Strip-Flight-with-Eiffel-Tower-Dinner/d684-5516P8?mcid=42383&pid=P00140156&medium=api&api_version=2.0
x;6613HELIBOAT;helicopter-tours;Grand Canyon West Helicopter Tour with VIP Skywalk and Boat Ride;4.2021275;94;819;4.357;https://www.viator.com/tours/Las-Vegas/Grand-Canyon-Helicopter-Tour-from-Las-Vegas-with-VIP-Skywalk-and-Pontoon-Boat-Ride/d684-6613HELIBOAT?mcid=42383&pid=P00140156&medium=api&api_version=2.0
x;6613STRIP;helicopter-tours;Las Vegas Strip Highlights by Helicopter at Night;4.25;164;129;4.343;https://www.viator.com/tours/Las-Vegas/Las-Vegas-Night-Strip-Helicopter-Flight/d684-6613STRIP?mcid=42383&pid=P00140156&medium=api&api_version=2.0
x;6338VOYAGER;helicopter-tours;Grand Canyon West Plane, Helicopter, Boat with Optional Skywalk;4.2614107;241;659;4.328;https://www.viator.com/tours/Las-Vegas/Best-of-the-West-Rim-Grand-Canyon-Air-Tour-with-Optional-Helicopter-Boat-Ride-and-Skywalk-Admission/d684-6338VOYAGER?mcid=42383&pid=P00140156&medium=api&api_version=2.0
x;5516ST5;helicopter-tours;Las Vegas Helicopter Night Strip Flight Tour with Optional Dinner;4.3009124;5809;99;4.304;https://www.viator.com/tours/Las-Vegas/Deluxe-Las-Vegas-Helicopter-Night-Flight-with-VIP-Transportation/d684-5516ST5?mcid=42383&pid=P00140156&medium=api&api_version=2.0
x;5526300P24;nightlife;Las Vegas: VIP Club Crawl with Party Bus, Express Entry & Drinks;4.9722223;108;99;4.869;https://www.viator.com/tours/Las-Vegas/Las-Vegas-VIP-Club-Crawl-with-Express-Entry-and-Drinks/d684-5526300P24?mcid=42383&pid=P00140156&medium=api&api_version=2.0
x;343687P5;nightlife;Las Vegas Nightclub VIP Entry with Party Bus;4.9068627;204;85;4.856;https://www.viator.com/tours/Las-Vegas/Las-Vegas-VIP-Entry-to-2-Nightclubs-with-Party-Bus/d684-343687P5?mcid=42383&pid=P00140156&medium=api&api_version=2.0
x;89557P1;nightlife;Bar Crawl On Fremont Street in Las Vegas;4.9753084;81;99.99;4.85;https://www.viator.com/tours/Las-Vegas/Bar-Crawl-On-Fremont-Street/d684-89557P1?mcid=42383&pid=P00140156&medium=api&api_version=2.0
x;5526300P23;nightlife;Las Vegas: VIP Pool Crawl with Party Bus, Express Entry & Drinks;4.911111;45;99;4.772;https://www.viator.com/tours/Las-Vegas/Las-Vegas-Party-Passport-with-3-Nightclubs-and-Pool-Parties/d684-5526300P23?mcid=42383&pid=P00140156&medium=api&api_version=2.0
x;5511888P8;nightlife;Las Vegas Club Crawl with Party Bus and Free Drinks;4.87234;47;99;4.756;https://www.viator.com/tours/Las-Vegas/Las-Vegas-Club-Crawl-with-Party-Bus-and-Free-Drinks/d684-5511888P8?mcid=42383&pid=P00140156&medium=api&api_version=2.0
x;89557P6;nightlife;Las Vegas Strip Nightclub Crawl;5;21;99.99;4.752;https://www.viator.com/tours/Las-Vegas/Las-Vegas-Strip-Nightlife-Crawl/d684-89557P6?mcid=42383&pid=P00140156&medium=api&api_version=2.0
x;343687P3;nightlife;Skip-the-Line at Vegas Clubs with a Party Bus!;4.866667;45;80.75;4.751;https://www.viator.com/tours/Las-Vegas/Party-With-A-Celebrity-Skip-the-lines-at-the-best-clubs-Send-me-to-Vegas-Tours/d684-343687P3?mcid=42383&pid=P00140156&medium=api&api_version=2.0
x;456222P1;nightlife;Private Party Bus Rental in Las Vegas;5;15;568;4.729;https://www.viator.com/tours/Las-Vegas/Legendary-Party-Bus/d684-456222P1?mcid=42383&pid=P00140156&medium=api&api_version=2.0
x;441472P1;nightlife;Sin City Party Bus Club Crawl;4.7619047;21;79;4.681;https://www.viator.com/tours/Las-Vegas/Sin-City-Club-Crawl-package/d684-441472P1?mcid=42383&pid=P00140156&medium=api&api_version=2.0
x;89557P5;nightlife;Arts District Bar Crawl - Speakeasies & Hidden Gems;4.6875;16;99;4.657;https://www.viator.com/tours/Las-Vegas/Arts-District-18B-Crawl/d684-89557P5?mcid=42383&pid=P00140156&medium=api&api_version=2.0
x;76093P10;nightlife;Private Party Bus Tour of the Las Vegas Strip Champagne Toast;4.470588;17;289;4.603;https://www.viator.com/tours/Las-Vegas/Private-Party-Bus-Tour-of-the-Las-Vegas-Strip-w-Champagne-Toast/d684-76093P10?mcid=42383&pid=P00140156&medium=api&api_version=2.0
x;30080P1;nightlife;Las Vegas Club Crawl - Party Bus Tour;4.56962;79;85;4.6;https://www.viator.com/tours/Las-Vegas/LA-Epic-Club-Crawl-Ticket/d684-30080P1?mcid=42383&pid=P00140156&medium=api&api_version=2.0
x;76093P1;nightlife;Vegas Nightclub Crawl by Party Bus with Fast Pass Entry;4.425532;47;65;4.54;https://www.viator.com/tours/Las-Vegas/Las-Vegas-Nightclub-Crawl/d684-76093P1?mcid=42383&pid=P00140156&medium=api&api_version=2.0
x;11144P1;nightlife;Las Vegas Nightclub or Pool Party Crawl with Luxury Party Bus;4.43318;217;99;4.473;https://www.viator.com/tours/Las-Vegas/Las-Vegas-Club-Crawl-Experience/d684-11144P1?mcid=42383&pid=P00140156&medium=api&api_version=2.0
x;5084LASPARA;shows;Paranormal - The Mindreading Magic Show at Horseshoe Las Vegas;4.9394903;628;37.5;4.918;https://www.viator.com/tours/Las-Vegas/Paranormal-The-Mindreading-Magic-Show-at-Ballys-Las-Vegas/d684-5084LASPARA?mcid=42383&pid=P00140156&medium=api&api_version=2.0
x;3072P58;shows;An R-Rated Magic Show at Planet Hollywood Resort and Casino;4.9349594;246;32;4.886;https://www.viator.com/tours/Las-Vegas/An-R-Rated-Magic-Show-at-Planet-Hollywood-Resort-and-Casino/d684-3072P58?mcid=42383&pid=P00140156&medium=api&api_version=2.0
x;439678P1;shows;Nathan Burton Comedy Magic;4.8895707;489;25;4.867;https://www.viator.com/tours/Las-Vegas/Nathan-Burton-Comedy-Magic/d684-439678P1?mcid=42383&pid=P00140156&medium=api&api_version=2.0
x;61034P36;shows;All Shook Up: Elvis Tribute Show at Alexis Park Resort Hotel;4.8241105;506;37.95;4.808;https://www.viator.com/tours/Las-Vegas/All-Shook-Up/d684-61034P36?mcid=42383&pid=P00140156&medium=api&api_version=2.0
x;5305LASMS;shows;Mike Hammer Comedy Magic Show at the Four Queens Hotel;4.8049645;564;37.5;4.792;https://www.viator.com/tours/Las-Vegas/Mike-Hammer-Comedy-Magic-Show/d684-5305LASMS?mcid=42383&pid=P00140156&medium=api&api_version=2.0
x;277735P1;shows;Masters of Magic Show Located @ Las Vegas Blvd;4.804348;414;65;4.787;https://www.viator.com/tours/Las-Vegas/Masters-of-Magic-Show-Tickets/d684-277735P1?mcid=42383&pid=P00140156&medium=api&api_version=2.0
x;16590P1;shows;Hypnosis Unleashed Vegas’ Comedy Hypnosis Show;4.7877812;311;37.5;4.768;https://www.viator.com/tours/Las-Vegas/Hypnosis-Unleashed-Starring-Kevin-Lepine-at-4-Queens-Hotel-and-Casino/d684-16590P1?mcid=42383&pid=P00140156&medium=api&api_version=2.0
x;17428P1;shows;Mat Franco Magic Reinvented Nightly at the LINQ Hotel and Casino;4.7758985;473;61.33;4.764;https://www.viator.com/tours/Las-Vegas/Mat-Franco-Magic-Reinvented-Nightly-at-the-LINQ-Hotel-and-Casino/d684-17428P1?mcid=42383&pid=P00140156&medium=api&api_version=2.0
x;5084LASPIF;shows;Piff the Magic Dragon at the Flamingo Las Vegas;4.735016;634;50.64;4.729;https://www.viator.com/tours/Las-Vegas/Piff-the-Magic-Dragon-at-the-Flamingo-Las-Vegas/d684-5084LASPIF?mcid=42383&pid=P00140156&medium=api&api_version=2.0
x;61034P25;shows;All Motown – Motown Magic in Vegas;4.7320957;377;44.95;4.722;https://www.viator.com/tours/Las-Vegas/All-Motown-Show-at-Alexis-Park-Hotel/d684-61034P25?mcid=42383&pid=P00140156&medium=api&api_version=2.0
x;177458P3;shows;"""Classic Country"" show & dinner at Firelight Barn in Henderson";4.754717;53;49;4.703;https://www.viator.com/tours/Las-Vegas/Dinner-and-Show/d684-177458P3?mcid=42383&pid=P00140156&medium=api&api_version=2.0
x;313579P29;shows;Elvis Show the Spirit of the King;4.8125;16;40.88;4.687;https://www.viator.com/tours/Las-Vegas/Spirit-of-the-King-The-Ultimate-ELVIS-Show/d684-313579P29?mcid=42383&pid=P00140156&medium=api&api_version=2.0
x;3072P51;shows;Big Black Comedy Show at Planet Hollywood Resort and Casino;4.7166667;60;39;4.685;https://www.viator.com/tours/Las-Vegas/Big-Black-Comedy-Show-at-Planet-Hollywood-Resort-and-Casino/d684-3072P51?mcid=42383&pid=P00140156&medium=api&api_version=2.0
x;277735P6;shows;Candlelight Magic Show: Up-Close with World-Class Magicians;4.730769;26;65;4.676;https://www.viator.com/tours/Las-Vegas/Candlelight-Magic-Show/d684-277735P6?mcid=42383&pid=P00140156&medium=api&api_version=2.0
x;277735P5;shows;Magic Up Close Early Show at Las Vegas Magic Theater;4.6588235;85;39;4.655;https://www.viator.com/tours/Las-Vegas/Experience-Magic-up-Close-Show-by-Las-Vegas-Magic-Theater/d684-277735P5?mcid=42383&pid=P00140156&medium=api&api_version=2.0
x;5156LASWIN;shows;Mac King Comedy Magic Show at the Excalibur Hotel and Casino;4.631579;114;36.02;4.636;https://www.viator.com/tours/Las-Vegas/Mac-King-Comedy-Magic-Show-at-the-Excalibur-Hotel-and-Casino/d684-5156LASWIN?mcid=42383&pid=P00140156&medium=api&api_version=2.0
x;3072P49;shows;LIOZ: Comedy Magic Uncensored at Planet Hollywood Resort & Casino;4.60241;83;29.99;4.619;https://www.viator.com/tours/Las-Vegas/Lioz-Master-of-Delusion-at-Planet-Hollywood-Resort-and-Casino/d684-3072P49?mcid=42383&pid=P00140156&medium=api&api_version=2.0
x;3072LASZOM;shows;Zombie Burlesque at Planet Hollywood Resort and Casino;4.6082726;411;49;4.613;https://www.viator.com/tours/Las-Vegas/Zombie-Burlesque-at-Planet-Hollywood-Resort-and-Casino/d684-3072LASZOM?mcid=42383&pid=P00140156&medium=api&api_version=2.0
x;277735P4;shows;Magic of Christmas Show at Las Vegas Magic Theater on Las Vegas Blvd;4.5;26;55;4.597;https://www.viator.com/tours/Las-Vegas/The-Magic-of-Christmas-Show/d684-277735P4?mcid=42383&pid=P00140156&medium=api&api_version=2.0
x;3072LASVEG;shows;VEGAS! The SHOW at Planet Hollywood Resort and Casino;4.504037;867;49;4.512;https://www.viator.com/tours/Las-Vegas/Vegas-The-Show-at-Planet-Hollywood-Resort-and-Casino/d684-3072LASVEG?mcid=42383&pid=P00140156&medium=api&api_version=2.0
x;5156LASMIC;shows;Michael Jackson ONE by Cirque du Soleil® at Mandalay Bay Resort and Casino;4.4851904;1418;82.63;4.491;https://www.viator.com/tours/Las-Vegas/Michael-Jackson-ONE-by-Cirque-du-Soleil-at-Mandalay-Bay-Resort-and-Casino/d684-5156LASMIC?mcid=42383&pid=P00140156&medium=api&api_version=2.0
x;61034P42;shows;King of Diamonds: The Neil Diamond Tribute Show in Las Vegas;4.3114753;61;44.95;4.463;https://www.viator.com/tours/Las-Vegas/Neil-Diamond-Tribute-in-Las-Vegas-King-of-Diamonds/d684-61034P42?mcid=42383&pid=P00140156&medium=api&api_version=2.0
x;5156LASTOU;shows;Tournament of Kings Dinner and Show at Excalibur Hotel and Casino;4.399177;486;79.6;4.422;https://www.viator.com/tours/Las-Vegas/Tournament-of-Kings-at-the-Excalibur-Hotel-and-Casino/d684-5156LASTOU?mcid=42383&pid=P00140156&medium=api&api_version=2.0
x;76311P1;shows;Mystère by Cirque du Soleil at Treasure Island Hotel & Casino;4.399494;791;89.79;4.414;https://www.viator.com/tours/Las-Vegas/Mystere-by-Cirque-du-Soleil-at-Treasure-Island-Hotel-and-Casino/d684-76311P1?mcid=42383&pid=P00140156&medium=api&api_version=2.0
x;3072LASVTH;shows;V - The Ultimate Variety Show at Planet Hollywood Resort and Casino;4.388527;767;35.1;4.404;https://www.viator.com/tours/Las-Vegas/V-The-Ultimate-Variety-Show-at-Planet-Hollywood-Resort-and-Casino/d684-3072LASVTH?mcid=42383&pid=P00140156&medium=api&api_version=2.0
x;5156LASKA;shows;KÀ™ by Cirque du Soleil® at the MGM Grand Hotel and Casino;4.358333;840;95.25;4.375;https://www.viator.com/tours/Las-Vegas/KA-by-Cirque-du-Soleil-at-the-MGM-Grand-Hotel-and-Casino/d684-5156LASKA?mcid=42383&pid=P00140156&medium=api&api_version=2.0
x;9412P2;shows;LA Comedy Club at The STRAT Hotel and Casino;4.290566;265;47.91;4.347;https://www.viator.com/tours/Las-Vegas/LA-Comedy-Club-at-the-Stratosphere-Hotel-and-Casino/d684-9412P2?mcid=42383&pid=P00140156&medium=api&api_version=2.0
x;61034P38;shows;Sinatra Live! Frank Sinatra Tribute Show in Las Vegas;4.223077;130;44.95;4.341;https://www.viator.com/tours/Las-Vegas/Frankly-Frank/d684-61034P38?mcid=42383&pid=P00140156&medium=api&api_version=2.0
x;5156LASBEE;shows;The Australian Bee Gees Show at the Excalibur Hotel and Casino;4.274194;248;41.83;4.337;https://www.viator.com/tours/Las-Vegas/The-Australian-Bee-Gees-Show-A-Tribute-to-the-Bee-Gees-at-the-Excalibur-Hotel-and-Casino/d684-5156LASBEE?mcid=42383&pid=P00140156&medium=api&api_version=2.0
x;44350P1;shows;Magic Mike Live Las Vegas at SAHARA Las Vegas;4.2606835;234;82.67;4.329;https://www.viator.com/tours/Las-Vegas/Magic-Mike-Live-at-SAHARA-Las-Vegas/d684-44350P1?mcid=42383&pid=P00140156&medium=api&api_version=2.0
x;6920LASPUR;shows;Purple Reign: The Prince Tribute Show at Planet Hollywood;4.283582;402;54.19;4.324;https://www.viator.com/tours/Las-Vegas/Purple-Reign-The-Prince-Tribute-Show-at-Planet-Hollywood-in-Las-Vegas/d684-6920LASPUR?mcid=42383&pid=P00140156&medium=api&api_version=2.0
x;5156LASO;shows;O™ by Cirque du Soleil® at the Bellagio Hotel and Casino;4.3082705;1463;160.3;4.319;https://www.viator.com/tours/Las-Vegas/O-by-Cirque-du-Soleil-at-the-Bellagio-Hotel-and-Casino/d684-5156LASO?mcid=42383&pid=P00140156&medium=api&api_version=2.0
x;9412P14;shows;Rouge: The Sexiest Show in Vegas at the STRAT Hotel and Casino;4.2599277;277;83.2;4.319;https://www.viator.com/tours/Las-Vegas/ROUGE-The-Sexiest-Show-in-Vegas/d684-9412P14?mcid=42383&pid=P00140156&medium=api&api_version=2.0
x;5156P11;shows;Mad Apple by Cirque du Soleil at New York New York Hotel and Casino;4.2244654;842;74.27;4.248;https://www.viator.com/tours/Las-Vegas/Mad-Apple-by-Cirque-dui-Soleil-at-New-York-New-York-Hotel-and-Casino/d684-5156P11?mcid=42383&pid=P00140156&medium=api&api_version=2.0
x;256213P4;strip-tours;The Escape Game Las Vegas: 60-Minute Adventure at The Forum Shops;4.990783;434;42.99;4.955;https://www.viator.com/tours/Las-Vegas/The-Escape-Game-Las-Vegas-Epic-60-Minute-Adventures/d684-256213P4?mcid=42383&pid=P00140156&medium=api&api_version=2.0
x;5662DIG;strip-tours;Las Vegas Heavy Equipment Playground: Dig, Push, and Play!;4.9799333;598;27.5;4.954;https://www.viator.com/tours/Las-Vegas/Dig-This-Heavy-Equipment-Playground/d684-5662DIG?mcid=42383&pid=P00140156&medium=api&api_version=2.0
x;7106P7;strip-tours;Exotic Car Driving Experience at the Las Vegas Motor Speedway;4.962963;1188;299;4.95;https://www.viator.com/tours/Las-Vegas/Exotic-Car-Driving-Experiences-at-Las-Vegas-Motor-Speedway/d684-7106P7?mcid=42383&pid=P00140156&medium=api&api_version=2.0
x;66229P4;strip-tours;Las Vegas Wedding at The Little Vegas Chapel;4.973799;458;299;4.942;https://www.viator.com/tours/Las-Vegas/Las-Vegas-Wedding-at-The-Little-Vegas-Chapel/d684-66229P4?mcid=42383&pid=P00140156&medium=api&api_version=2.0
x;5214LASDRIVE;strip-tours;2-Hour Exotic Car Driving Experience in Las Vegas;4.94339;2950;299;4.938;https://www.viator.com/tours/Las-Vegas/Exotic-Car-Driving-Experience-Package-in-Las-Vegas/d684-5214LASDRIVE?mcid=42383&pid=P00140156&medium=api&api_version=2.0
x;5084P43;strip-tours;Colin Cloud Mastermind at Harrah’s Hotel and Casino in Las Vegas;4.973494;415;58.73;4.938;https://www.viator.com/tours/Las-Vegas/Colin-Cloud-Mastermind-at-Harrahs-Cabaret-Las-Vegas/d684-5084P43?mcid=42383&pid=P00140156&medium=api&api_version=2.0
x;7812P223;strip-tours;Downtown Las Vegas Food Tour of 6 Iconic Dishes & Hidden Gems;4.9571867;654;139.99;4.935;https://www.viator.com/tours/Las-Vegas/Downtown-Las-Vegas-Walking-Food-Tour-With-Secret-Food-Tours/d684-7812P223?mcid=42383&pid=P00140156&medium=api&api_version=2.0
x;66229P3;strip-tours;Elvis Wedding at The Little Vegas Chapel;4.977707;314;349;4.932;https://www.viator.com/tours/Las-Vegas/Elvis-Weddings-at-The-Little-Vegas-Chapel/d684-66229P3?mcid=42383&pid=P00140156&medium=api&api_version=2.0
x;138742P1;strip-tours;Must-See Spots: The Original Las Vegas Strip Walking Tour;4.964467;394;49;4.929;https://www.viator.com/tours/Las-Vegas/Exploring-the-Best-Parts-of-the-Las-Vegas-Strip-with-a-Local/d684-138742P1?mcid=42383&pid=P00140156&medium=api&api_version=2.0
x;6756FCCWT;strip-tours;Las Vegas Downtown & Fremont Street - Guided Walking Tour;4.939577;662;37;4.919;https://www.viator.com/tours/Las-Vegas/Fremont-Street-History-Walking-Tour/d684-6756FCCWT?mcid=42383&pid=P00140156&medium=api&api_version=2.0
x;324012P2;strip-tours;Best Bites on The Las Vegas Strip: A Traveler's Guide to Sin City;4.974249;233;99;4.917;https://www.viator.com/tours/Las-Vegas/Best-Bites-on-The-Strip-A-Beginners-Guide-to-Sin-City/d684-324012P2?mcid=42383&pid=P00140156&medium=api&api_version=2.0
x;341595P2;strip-tours;Las Vegas Desert Buggy Experience;4.976744;215;150;4.915;https://www.viator.com/tours/Las-Vegas/Las-Vegas-Desert-Buggy-Experience/d684-341595P2?mcid=42383&pid=P00140156&medium=api&api_version=2.0
x;6783NFSFT;strip-tours;2-Hour Guided Segway Tour of Downtown Las Vegas;4.951724;290;89.1;4.907;https://www.viator.com/tours/Las-Vegas/Las-Vegas-Segway-Tour-South-Fremont-Street/d684-6783NFSFT?mcid=42383&pid=P00140156&medium=api&api_version=2.0
x;5214LASRIDE;strip-tours;Drifting Ride-Along Experience in Las Vegas;4.9587154;218;99;4.901;https://www.viator.com/tours/Las-Vegas/Las-Vegas-Exotic-Car-Ride-Along/d684-5214LASRIDE?mcid=42383&pid=P00140156&medium=api&api_version=2.0
x;66229P1;strip-tours;Las Vegas Wedding at The Little Vegas Chapel including Limousine Transportation;4.95279;233;499;4.899;https://www.viator.com/tours/Las-Vegas/Las-Vegas-Wedding-at-The-Little-Vegas-Chapel-including-Limousine-Transportation/d684-66229P1?mcid=42383&pid=P00140156&medium=api&api_version=2.0
x;378119P2;strip-tours;Self-Guided Fear and Loathing UTV Rental;4.9302325;387;109;4.898;https://www.viator.com/tours/Las-Vegas/Self-Guided-Fear-and-Loathing-UTV-Rental/d684-378119P2?mcid=42383&pid=P00140156&medium=api&api_version=2.0
x;470339P1;strip-tours;Giant Shopping Cart Limo Ride in Las Vegas;4.9116516;781;69;4.896;https://www.viator.com/tours/Las-Vegas/Giant-Shopping-Cart-Limo-Ride-in-Las-Vegas/d684-470339P1?mcid=42383&pid=P00140156&medium=api&api_version=2.0
x;7812P28;strip-tours;Las Vegas: The Strip's Celebrity Chefs Tour or Downtown Food Tour;4.9006515;1842;139.99;4.894;https://www.viator.com/tours/Las-Vegas/Secret-Food-Tours-Las-Vegas/d684-7812P28?mcid=42383&pid=P00140156&medium=api&api_version=2.0
x;5606549P1;strip-tours;Vegas Underworld: Las Vegas True Crime & Mob Walking Tour;4.992;125;40;4.894;https://www.viator.com/tours/Las-Vegas/Vegas-Underworld-Tour/d684-5606549P1?mcid=42383&pid=P00140156&medium=api&api_version=2.0
x;7812P145;strip-tours;Private Vegas Strip Celebrity Chef Food Tour with 7 Tastings;4.9423866;243;485;4.892;https://www.viator.com/tours/Las-Vegas/Private-Tour-Secret-Food-Tours-Las-Vegas/d684-7812P145?mcid=42383&pid=P00140156&medium=api&api_version=2.0
x;202878P1;strip-tours;Bliss Chapel Wedding & Vow Renewal Ceremony Package;4.97351;151;449;4.892;https://www.viator.com/tours/Las-Vegas/Signature-Bliss-Wedding-and-Vow-Renewal/d684-202878P1?mcid=42383&pid=P00140156&medium=api&api_version=2.0
x;467700P1;strip-tours;Scenic Wine Tasting Tour from Las Vegas with Food;4.977778;135;154.5;4.889;https://www.viator.com/tours/Las-Vegas/Wine-Tasting/d684-467700P1?mcid=42383&pid=P00140156&medium=api&api_version=2.0
x;3501O0074;strip-tours;Ultimate Hidden Valley and Primm RZR Adventure from Las Vegas;4.896346;1341;219.99;4.887;https://www.viator.com/tours/Las-Vegas/Hidden-Valley-and-Primm-Valley-Extreme-RZR-Tour-from-Las-Vegas/d684-3501O0074?mcid=42383&pid=P00140156&medium=api&api_version=2.0
x;66229P2;strip-tours;Elvis Wedding at The Little Vegas Chapel including Limousine Transportation;4.9476438;191;565;4.885;https://www.viator.com/tours/Las-Vegas/Elvis-Wedding-at-The-Little-Vegas-Chapel-including-Limousine-Transportation/d684-66229P2?mcid=42383&pid=P00140156&medium=api&api_version=2.0
x;5623010P1;strip-tours;The Escape Game at AREA15 in Las Vegas;4.9765625;128;42.99;4.884;https://www.viator.com/tours/Las-Vegas/The-Escape-Game-at-AREA15-in-Las-Vegas/d684-5623010P1?mcid=42383&pid=P00140156&medium=api&api_version=2.0
x;7106P5;strip-tours;Ride-Along Drifting Experience at the Las Vegas Motor Speedway;4.964286;140;99;4.881;https://www.viator.com/tours/Las-Vegas/Drifting-Ride-Along-Experience-in-a-BMW-M3/d684-7106P5?mcid=42383&pid=P00140156&medium=api&api_version=2.0
x;222766P1;strip-tours;The Cabin Escape room experience in Las Vegas;4.932961;179;41.03;4.871;https://www.viator.com/tours/Las-Vegas/Extravagant-Escape-Room-The-Cabin/d684-222766P1?mcid=42383&pid=P00140156&medium=api&api_version=2.0
x;5278TOPGUN;strip-tours;Extreme Flight Experience in Las Vegas;4.8913045;460;659;4.867;https://www.viator.com/tours/Las-Vegas/Top-Gun-and-Air-Combat-Experience/d684-5278TOPGUN?mcid=42383&pid=P00140156&medium=api&api_version=2.0
x;46865P9;strip-tours;Arts District Eats: Food, Art & Culture Walking Tour in Las Vegas;4.920398;201;124;4.866;https://www.viator.com/tours/Las-Vegas/Las-Vegas-Arts-District-Foodie-Tour/d684-46865P9?mcid=42383&pid=P00140156&medium=api&api_version=2.0
x;324012P4;strip-tours;Best Bet Gaming Lessons: Learn to Play Like the Pros;4.9883723;86;59;4.863;https://www.viator.com/tours/Las-Vegas/Best-Bet-Gambling-Lessons-Learn-to-Play-Like-the-Pros/d684-324012P4?mcid=42383&pid=P00140156&medium=api&api_version=2.0
x;46865P5;strip-tours;Taste the Vegas Strip: A Local’s Food Tour Experience;4.8705883;510;124;4.851;https://www.viator.com/tours/Las-Vegas/Food-Tour-of-the-Las-Vegas-Strip/d684-46865P5?mcid=42383&pid=P00140156&medium=api&api_version=2.0
x;2084_EA;strip-tours;Elvis Themed Wedding or Vow Renewal at Graceland Wedding Chapel;4.87069;464;183;4.849;https://www.viator.com/tours/Las-Vegas/Elvis-Wedding-at-Graceland-Wedding-Chapel/d684-2084_EA?mcid=42383&pid=P00140156&medium=api&api_version=2.0
x;222766P6;strip-tours;Witch House Escape Room in Las Vegas;4.9339623;106;40;4.842;https://www.viator.com/tours/Las-Vegas/Witch-House/d684-222766P6?mcid=42383&pid=P00140156&medium=api&api_version=2.0
x;222766P4;strip-tours;Suzys Cell Escape Game;4.9333334;105;41.03;4.841;https://www.viator.com/tours/Las-Vegas/Suzys-Cell/d684-222766P4?mcid=42383&pid=P00140156&medium=api&api_version=2.0
x;65848P1;strip-tours;Wreck Room - A Destruction Experience, Standard Wrecking;4.9848485;66;77.58;4.839;https://www.viator.com/tours/Las-Vegas/Wreck-Room-A-Destruction-Experience/d684-65848P1?mcid=42383&pid=P00140156&medium=api&api_version=2.0
x;15064P21;strip-tours;Viva Las Donuts: The Ultimate Las Vegas Artisan Donut Tour;4.915254;118;75;4.836;https://www.viator.com/tours/Las-Vegas/Underground-Donut-Tour-Las-Vegas-Donut-Tour/d684-15064P21?mcid=42383&pid=P00140156&medium=api&api_version=2.0
x;202878P2;strip-tours;Bliss Chapel Elvis Weddings & Vow Renewal;4.983871;62;469;4.834;https://www.viator.com/tours/Las-Vegas/Signature-Elvis-Wedding/d684-202878P2?mcid=42383&pid=P00140156&medium=api&api_version=2.0
x;32338P3;strip-tours;Las Vegas Desert RZR Adventure Tour at the Pioneer Saloon;4.9577465;71;184.99;4.83;https://www.viator.com/tours/Las-Vegas/RZR-Desert-Adventure-with-Lunch-at-the-Historic-Pioneer-Saloon/d684-32338P3?mcid=42383&pid=P00140156&medium=api&api_version=2.0
x;46865P6;strip-tours;Flavors of Fremont: Downtown Vegas Food Tour & Local Secrets;4.8415384;650;124;4.828;https://www.viator.com/tours/Las-Vegas/Flavors-of-Fremont-Downtown-Vegas-Food-Tour/d684-46865P6?mcid=42383&pid=P00140156&medium=api&api_version=2.0
x;6756NIGHT;strip-tours;Downtown Las Vegas Nighttime Walking Tour;4.923913;92;37;4.827;https://www.viator.com/tours/Las-Vegas/Downtown-Las-Vegas-Walking-Tour-by-Night/d684-6756NIGHT?mcid=42383&pid=P00140156&medium=api&api_version=2.0
x;22168P1;strip-tours;Las Vegas Strip and Downtown Scooter with Food Tour;4.8764706;170;379;4.824;https://www.viator.com/tours/Las-Vegas/Las-Vegas-Strip-and-Downtown-Scooter-and-Foodie-Tour/d684-22168P1?mcid=42383&pid=P00140156&medium=api&api_version=2.0
x;101510P1;strip-tours;Quickie Las Vegas Wedding at Paradise Wedding Chapel;4.8809524;126;65;4.815;https://www.viator.com/tours/Las-Vegas/Quickie-Las-Vegas-Wedding-at-Paradise-Wedding-Chapel/d684-101510P1?mcid=42383&pid=P00140156&medium=api&api_version=2.0
x;433254P1;strip-tours;Get Married: Elvis Wedding + Las Vegas Sign + Photography;4.98;50;299;4.814;https://www.viator.com/tours/Las-Vegas/Get-Married-by-Elvis-at-the-Fabulous-Las-Vegas-Sign-Photos/d684-433254P1?mcid=42383&pid=P00140156&medium=api&api_version=2.0
x;14684P1;strip-tours;3-Hour Black Canyon Motorized Raft Tour with Optional Transport;4.827848;395;140;4.808;https://www.viator.com/tours/Las-Vegas/Black-Canyon-River-Adventure/d684-14684P1?mcid=42383&pid=P00140156&medium=api&api_version=2.0
x;324012P3;strip-tours;Original Las Vegas: The Fremont Street Experience Walking Tour;4.946429;56;44;4.805;https://www.viator.com/tours/Las-Vegas/Original-Las-Vegas-The-Fremont-Street-Experience-Walking-Tour/d684-324012P3?mcid=42383&pid=P00140156&medium=api&api_version=2.0
x;101510P2;strip-tours;Las Vegas Wedding at Paradise Wedding Chapel;4.977778;45;199;4.804;https://www.viator.com/tours/Las-Vegas/Las-Vegas-Wedding-at-Paradise-Wedding-Chapel/d684-101510P2?mcid=42383&pid=P00140156&medium=api&api_version=2.0
x;480672P3;strip-tours;Gold Elvis Wedding or Vow Renewal at Las Vegas Sign;5;39;98;4.802;https://www.viator.com/tours/Las-Vegas/Free-product-for-Feb-2025/d684-480672P3?mcid=42383&pid=P00140156&medium=api&api_version=2.0
x;6783P7;strip-tours;Downtown Las Vegas Evening Tour by Segway;4.9322033;59;79;4.802;https://www.viator.com/tours/Las-Vegas/City-Lights-Evening-Tour/d684-6783P7?mcid=42383&pid=P00140156&medium=api&api_version=2.0
x;222766P5;strip-tours;The Shed Escape Game;4.9591837;49;40;4.802;https://www.viator.com/tours/Las-Vegas/The-Shed/d684-222766P5?mcid=42383&pid=P00140156&medium=api&api_version=2.0
x;6783P11;strip-tours;Downtown Las Vegas Food Tour by Segway;4.898734;79;139;4.801;https://www.viator.com/tours/Las-Vegas/Downtown-Las-Vegas-Food-Tour-by-Segway/d684-6783P11?mcid=42383&pid=P00140156&medium=api&api_version=2.0
x;147752P1;strip-tours;An adventure in Glassblowing by Torch;4.976744;43;75;4.8;https://www.viator.com/tours/Las-Vegas/Adventure-in-Glassblowing-by-Torch/d684-147752P1?mcid=42383&pid=P00140156&medium=api&api_version=2.0
x;398496P2;strip-tours;Las Vegas Strip Self-Drive Rental;5;38;57;4.8;https://www.viator.com/tours/Las-Vegas/Electric-Vehicle-Rental-in-Las-Vegas/d684-398496P2?mcid=42383&pid=P00140156&medium=api&api_version=2.0
x;377560P4;strip-tours;Private 1-Hour Downtown Las Vegas Highlights by Talking GoCar;4.9206347;63;52;4.8;https://www.viator.com/tours/Las-Vegas/1-HR-Downtown-Las-Vegas-Tour-in-a-Talking-GoCar/d684-377560P4?mcid=42383&pid=P00140156&medium=api&api_version=2.0
x;394991P1;strip-tours;ARTE Museum: Immersive Digital Art Experience in Las Vegas;4.7996283;2151;50;4.796;https://www.viator.com/tours/Las-Vegas/ARTE-MUSEUM-Las-Vegas/d684-394991P1?mcid=42383&pid=P00140156&medium=api&api_version=2.0
x;398496P5;strip-tours;The Ultimate Vegas Nights Tour;4.928571;56;85;4.796;https://www.viator.com/tours/Las-Vegas/MGM-Sphere-Guided-Driving-Tour/d684-398496P5?mcid=42383&pid=P00140156&medium=api&api_version=2.0
x;222766P2;strip-tours;Red Riding Hood Escape Games in Las Vegas;4.866667;105;41.03;4.796;https://www.viator.com/tours/Las-Vegas/Red-Riding-Hood/d684-222766P2?mcid=42383&pid=P00140156&medium=api&api_version=2.0
x;324012P1;strip-tours;Best Bars on Fremont: Happy Hour and Hidden Gems;5;36;99;4.795;https://www.viator.com/tours/Las-Vegas/Best-Bars-on-Fremont-Happy-Hour-and-Hidden-Gems/d684-324012P1?mcid=42383&pid=P00140156&medium=api&api_version=2.0
x;3072LASMEN;strip-tours;The Mentalist at Planet Hollywood Resort and Casino;4.788569;2327;39;4.786;https://www.viator.com/tours/Las-Vegas/The-Mentalist-at-Planet-Hollywood-Hotel-and-Casino/d684-3072LASMEN?mcid=42383&pid=P00140156&medium=api&api_version=2.0
x;50793P5;strip-tours;Los Angeles and Hollywood Small Group Day Tour from Las Vegas;4.7892156;1632;279.99;4.785;https://www.viator.com/tours/Las-Vegas/Los-Angeles-and-Hollywood-Day-Tour-from-Las-Vegas/d684-50793P5?mcid=42383&pid=P00140156&medium=api&api_version=2.0
x;6238NIGHT;strip-tours;Las Vegas Strip by Super Stretch Limo with Personal Photographer;4.8271604;162;599.99;4.785;https://www.viator.com/tours/Las-Vegas/Viator-Exclusive-Las-Vegas-Strip-by-Limo-with-Personal-Photographer/d684-6238NIGHT?mcid=42383&pid=P00140156&medium=api&api_version=2.0
x;166735P1;strip-tours;Small Group Hollywood Day Tour from Las Vegas;4.8066916;269;789;4.782;https://www.viator.com/tours/Las-Vegas/Best-Vegas-to-Hollywood-Tour/d684-166735P1?mcid=42383&pid=P00140156&medium=api&api_version=2.0
x;322196P1;strip-tours;Haunted Boulder City Ghost and UFO Tour;4.869565;69;19.95;4.776;https://www.viator.com/tours/Las-Vegas/Haunted-Boulder-City-Ghost-and-UFO-Tour/d684-322196P1?mcid=42383&pid=P00140156&medium=api&api_version=2.0
x;2434MOB;strip-tours;The Vegas Mob Tour;4.7876344;372;124.95;4.771;https://www.viator.com/tours/Las-Vegas/The-Vegas-Mob-Tour/d684-2434MOB?mcid=42383&pid=P00140156&medium=api&api_version=2.0
x;5156LASMEN;strip-tours;The Big Apple Coaster at New York New York Hotel and Casino;4.773603;1038;20.52;4.768;https://www.viator.com/tours/Las-Vegas/The-Big-Apple-Coaster-at-New-York-New-York-Hotel-and-Casino/d684-5156LASMEN?mcid=42383&pid=P00140156&medium=api&api_version=2.0
x;7812P204;strip-tours;Private: Downtown Las Vegas Food Tour of 6 Dishes & Hidden Gems;5;26;490;4.768;https://www.viator.com/tours/Las-Vegas/Private-Tour-Food-Tasting-Tour-Las-Vegas/d684-7812P204?mcid=42383&pid=P00140156&medium=api&api_version=2.0
x;5557709P1;strip-tours;Las Vegas Wine Tour Experience;5;24;399;4.762;https://www.viator.com/tours/Las-Vegas/The-Las-Vegas-Wine-Tour-Experience/d684-5557709P1?mcid=42383&pid=P00140156&medium=api&api_version=2.0
x;361970P2;strip-tours;2-Hour Private Guided Sidecar Tour in Las Vegas;4.964286;28;161;4.761;https://www.viator.com/tours/Las-Vegas/The-Best-of-Las-Vegas-on-a-Sidecar-Motorcycle-with-your-Private-Guide/d684-361970P2?mcid=42383&pid=P00140156&medium=api&api_version=2.0
x;5084LASDON;strip-tours;Donny Osmond at Harrahs Hotel and Casino Las Vegas;4.779923;259;104.79;4.758;https://www.viator.com/tours/Las-Vegas/Donny-Osmond-at-Harrahs-Hotel-and-Casino-Las-Vegas/d684-5084LASDON?mcid=42383&pid=P00140156&medium=api&api_version=2.0
x;130144P11;strip-tours;Mount Charleston Tour;4.8235292;85;109;4.758;https://www.viator.com/tours/Las-Vegas/Mount-Charleston-and-Lee-Canyon/d684-130144P11?mcid=42383&pid=P00140156&medium=api&api_version=2.0
x;10971P1;strip-tours;The Ultimate Las Vegas Fight Tour;4.7943263;141;249;4.756;https://www.viator.com/tours/Las-Vegas/Vegas-Fight-Tour/d684-10971P1?mcid=42383&pid=P00140156&medium=api&api_version=2.0
x;5555066P1;strip-tours;Las Vegas Airport Round Trip Service;4.9615383;26;227.39;4.755;https://www.viator.com/tours/Las-Vegas/Luxury-Airport-Round-Trip-Service/d684-5555066P1?mcid=42383&pid=P00140156&medium=api&api_version=2.0
x;5512054P7;strip-tours;Small Group Vegas Strip Walking Tour with Free Drink;5;21;49;4.752;https://www.viator.com/tours/Las-Vegas/Vegas-Strip-Walking-Tour-Secret-Spots-Best-Photos-Free-Drink/d684-5512054P7?mcid=42383&pid=P00140156&medium=api&api_version=2.0
x;3017P17;strip-tours;Colorado River Blast: Adrenaline RZR Tour + Ghost Town + Lunch;5;21;748;4.752;https://www.viator.com/tours/Las-Vegas/Colorado-River-Adrenaline-RZR-Tour/d684-3017P17?mcid=42383&pid=P00140156&medium=api&api_version=2.0
x;5580761P3;strip-tours;Play Playground Entry Ticket with Play Pass at the Luxor Hotel;4.818182;77;39.75;4.751;https://www.viator.com/tours/Las-Vegas/Play-Playground-Entry-Ticket-with-Play-Pass/d684-5580761P3?mcid=42383&pid=P00140156&medium=api&api_version=2.0
x;277735P3;strip-tours;Witches and Warlocks of Las Vegas Underworld 810 S Las Vegas Blvd;4.777202;193;89;4.751;https://www.viator.com/tours/Las-Vegas/Witches-and-warlocks-Halloween-Show-at-Las-Vegas-Magic-Theater/d684-277735P3?mcid=42383&pid=P00140156&medium=api&api_version=2.0
x;6242P18;strip-tours;Downtown Las Vegas Food Tour;4.875;40;99;4.749;https://www.viator.com/tours/Las-Vegas/Downtown-Las-Vegas-Food-Tour/d684-6242P18?mcid=42383&pid=P00140156&medium=api&api_version=2.0
x;138742P3;strip-tours;Bar-hop on the Vegas Strip like a local;5;19;49;4.745;https://www.viator.com/tours/Las-Vegas/Bars-Unknown-Original-Las-Vegas-Strip-Bar-Crawl/d684-138742P3?mcid=42383&pid=P00140156&medium=api&api_version=2.0
x;61034P59;strip-tours;Queen Selena: A Tribute to the Latin Pop Superstar in Las Vegas;5;19;44.95;4.745;https://www.viator.com/tours/Las-Vegas/Queen-Selena-A-Tribute-to-the-Latin-Pop-Superstar/d684-61034P59?mcid=42383&pid=P00140156&medium=api&api_version=2.0
x;386578P1;strip-tours;Las Vegas Strip Adventure: Sightseeing Tour in a Military Hummer;5;18;79;4.741;https://www.viator.com/tours/Las-Vegas/Las-Vegas-Strip-Adventure-Sightseeing-Tour-in-a-Military-Hummer/d684-386578P1?mcid=42383&pid=P00140156&medium=api&api_version=2.0
x;5084P50;strip-tours;MJ Live at Harrahs Hotel and Casino in Las Vegas;4.763819;199;64.92;4.74;https://www.viator.com/tours/Las-Vegas/MJ-Live-at-Harrahs-Hotel-and-Casino-in-Las-Vegas/d684-5084P50?mcid=42383&pid=P00140156&medium=api&api_version=2.0
x;343505P10;strip-tours;Las Vegas City Tour with Hotel Pick Up;4.7901235;81;103;4.736;https://www.viator.com/tours/Las-Vegas/All-In-One-Las-Vegas-Night-City-Tour-with-hotel-pick-up/d684-343505P10?mcid=42383&pid=P00140156&medium=api&api_version=2.0
x;5572861P1;strip-tours;The Punk Rock Museum Admission Ticket in Las Vegas;4.8461537;39;39;4.735;https://www.viator.com/tours/Las-Vegas/The-Punk-Rock-Museum-Admission-Ticket-Las-Vegas/d684-5572861P1?mcid=42383&pid=P00140156&medium=api&api_version=2.0
x;47865P2;strip-tours;Nostalgia Street Rods Museum Las Vegas: Skip-the-Line Ticket;4.8070173;57;20;4.732;https://www.viator.com/tours/Las-Vegas/Nostalgia-Street-Rods-Museum-Admission-and-Optional-VIP-Tour/d684-47865P2?mcid=42383&pid=P00140156&medium=api&api_version=2.0
x;3072P42;strip-tours;Piano Man at Planet Hollywood Resort and Casino;4.745098;306;42.63;4.731;https://www.viator.com/tours/Las-Vegas/Piano-Man/d684-3072P42?mcid=42383&pid=P00140156&medium=api&api_version=2.0
x;62283P1;strip-tours;Fremont Street Axe Throwing: Unleash Your Inner Viking;4.9130435;23;37.2;4.731;https://www.viator.com/tours/Las-Vegas/Axe-Throwing-on-Fremont-Street-Experience/d684-62283P1?mcid=42383&pid=P00140156&medium=api&api_version=2.0
x;377560P2;strip-tours;The Ultimate Las Vegas Tour by GPS Guided Talking GoCar;4.783784;74;52;4.729;https://www.viator.com/tours/Las-Vegas/Two-Hour-GoCar-Deluxe-Las-Vegas-Strip-Tour/d684-377560P2?mcid=42383&pid=P00140156&medium=api&api_version=2.0
x;5496124P2;strip-tours;Red Light District & Fremont Street Walking Tour, Las Vegas;4.8846154;26;52;4.729;https://www.viator.com/tours/Las-Vegas/Las-Vegas-Red-Light-Tour-and-Highlights-of-Fremont-Food/d684-5496124P2?mcid=42383&pid=P00140156&medium=api&api_version=2.0
x;2434P1;strip-tours;Vegas Crime Tour;5;15;124.95;4.729;https://www.viator.com/tours/Las-Vegas/Vegas-Crime-Tour/d684-2434P1?mcid=42383&pid=P00140156&medium=api&api_version=2.0
x;6783FREMONT;strip-tours;Las Vegas Segway Tour: Fremont Street Experience;4.8292685;41;72;4.729;https://www.viator.com/tours/Las-Vegas/Las-Vegas-Segway-Tour-Fremont-Street-Experience/d684-6783FREMONT?mcid=42383&pid=P00140156&medium=api&api_version=2.0
x;5145_HI005;strip-tours;Hiking Adventure in White Rock Canyon and Desert Hot Springs;4.8846154;26;185;4.729;https://www.viator.com/tours/Las-Vegas/Black-Canyon-Hike-and-Desert-Hot-Springs-Day-Trip-from-Las-Vegas/d684-5145_HI005?mcid=42383&pid=P00140156&medium=api&api_version=2.0
x;5522640P6;strip-tours;Las Vegas to LA Day Tour Santa Monica Beverly Hills Hollywood;5;15;300;4.729;https://www.viator.com/tours/Las-Vegas/L-End-to-end-Your-unforgettable-day-in-California/d684-5522640P6?mcid=42383&pid=P00140156&medium=api&api_version=2.0
x;65629P2;strip-tours;Escape IT: Las Vegas (The Sewers);4.9444447;18;55.99;4.726;https://www.viator.com/tours/Las-Vegas/Escape-IT-Chapter-1/d684-65629P2?mcid=42383&pid=P00140156&medium=api&api_version=2.0
x;5119P10;strip-tours;Area 51 Day Tour from Las Vegas with Alien and UFO Hotspots;4.731624;585;241.99;4.725;https://www.viator.com/tours/Las-Vegas/Area-51-Day-Tour-from-Las-Vegas/d684-5119P10?mcid=42383&pid=P00140156&medium=api&api_version=2.0
x;224423P4;strip-tours;Romantic Picnic Date Night in the Las Vegas Mountains;4.84375;32;175;4.724;https://www.viator.com/tours/Las-Vegas/Desert-Date-Night-picnic-at-the-Overlook/d684-224423P4?mcid=42383&pid=P00140156&medium=api&api_version=2.0
x;5084LASWAY;strip-tours;Wayne Newton: Up Close and Personal at the Flamingo Las Vegas;4.7483444;151;89.22;4.723;https://www.viator.com/tours/Las-Vegas/Wayne-Newton-Up-Close-and-Personal-at-Ballys-Las-Vegas/d684-5084LASWAY?mcid=42383&pid=P00140156&medium=api&api_version=2.0
x;37094P41;strip-tours;Personal Travel and Vacation Photographer Tour in Las Vegas;4.851852;27;298.61;4.719;https://www.viator.com/tours/Las-Vegas/Personal-Travel-and-Vacation-Photographer-Tour-in-Las-Vegas/d684-37094P41?mcid=42383&pid=P00140156&medium=api&api_version=2.0
x;6238P3;strip-tours;Las Vegas Strip by SUV Stretch Limo with Personal Photographer;4.9375;16;799.99;4.718;https://www.viator.com/tours/Las-Vegas/Las-Vegas-Strip-by-SUV-Stretch-Limo-with-Personal-Photographer/d684-6238P3?mcid=42383&pid=P00140156&medium=api&api_version=2.0
x;7496P13;strip-tours;Count's Kustoms Deluxe Car Tour;4.7524753;101;79;4.718;https://www.viator.com/tours/Las-Vegas/Counts-Kustoms-Deluxe-Car-Tour/d684-7496P13?mcid=42383&pid=P00140156&medium=api&api_version=2.0
x;40380P488;strip-tours;RoundTrip Private Transfer Las Vegas by Luxury SUV Cadillac Escalade up to 5 pax;4.894737;19;204.38;4.716;https://www.viator.com/tours/Las-Vegas/Round-Trip-Private-Transfer-Las-Vegas-Airport-to-Las-Vegas-City-by-SUV/d684-40380P488?mcid=42383&pid=P00140156&medium=api&api_version=2.0
x;433254P3;strip-tours;Get Married at the Fabulous Las Vegas Sign + Photos;4.9333334;15;249;4.713;https://www.viator.com/tours/Las-Vegas/Las-Vegas-Get-Married-at-the-Fabulous-Las-Vegas-Sign-Photos/d684-433254P3?mcid=42383&pid=P00140156&medium=api&api_version=2.0